word,pos,synonym
น้ำ,n,กระแสสินธุ์|คงคา|คงคาลัย|ชล|ชลชาติ|ชลธาร|ชลธี|ชลัมพุ|ชลาลัย|ทก|ธาร|ธารา|นที|นิระ|บาน|บานิโยทก|บานีโยทก|ปานะ|วาริ|วารี|สมุทร|สลิล|สาคร|สินธุ|สินธุ์|สินธู|อรรณพ|อัมพุ|อาปะ|อาโป|อุทก|เนียร|โดย|โตย
แม่น้ำ,n,กระสินธุ|กุนที|คงคา|คงคาลัย|คลอง|จทึง|ฉทึง|ชทึง|ชรทึง|ชลธาร|ชลธารก|ชลธิศ|ชลธี|ชลาลัย|ชลาสินธุ์|ชโลทร|ทะเล|ท้องน้ำ|ธาร|ธารา|นที|มหรณพ|มหรรณพ|มหารณพ|ยมนา|รัตนากร|ลำกระโดง|ลำธาร|ลำน้ำ|ลำประโดง|ลำห้วย|วหา|วาหินี|สทิง|สทึง|สมุทร|สรทึง|สริตะ|สาคร|สาคเรศ|สายน้ำ|สินธุ|สินธุ์|สินธู|ห้วงน้ำ|อรรณพ|อุทกธารา|แคว|โอฆะ
ลม,n,ขยล|พระพาย|มารุต|วาตะ|วายุ|วาโย|อนิละ
ไฟ,n,กราน|กูณฑ์|ชวาล|ชาลา|ฑาหะ|บาพก|ปาวกะ|ศิขา|สิขา|สิขี|อัคคี|อัคนี|อัจจิ|เดช|เดโช|เตช|เตโช|เพลิง
ดวงอาทิตย์,n,จาตุรนต์รัศมี|ตะวัน|ทินกร|ทิพากร|ทิวากร|ประภากร|พระอาทิตย์|พันแสง|ภากร|ภาณุ|ภาณุมาศ|ภาสกร|รพิ|รพี|รวิ|รวี|รังสิมันตุ์|รังสิมา|รำไพ|สหัสรังสี|สุริยง|สุริยน|สุริยมณฑล|สุริยะ|สุริยัน|สุริยา|สุรีย์|สูรยพิมพ์|สูรยมณฑล|อักกะ|อังศุธร|อังศุมาลี|อาภากร|อุษณกร|อุษณรศมัย|อุษณรัศมี|อุษณรุจี|ไถง
ดวงจันทร์,n,กัษษากร|จันทรพิมพ์|จันทรมณฑล|ตโมหร|นิศากร|นิศานาถ|นิศาบดี|นิศามณี|นิศารัตน์|บุหลัน|ปักษธร|พระจันทร์|พิธุ|มนทกานติ|มาส|รัชนีกร|วิธู|ศศธร|ศศพินทุ์|ศศลักษณ์|ศศิ|ศศิธร|ศศิน|ศศิมณฑล|ศศี|ศิวเศขร|สิตางศุ์|สีตลรัศมี|สุมะ|อินทุ|เดือน|แข|แถง|โทษากร|โสม
ดวงดาว,n,กลุ่มดาว|ชุติ|ดวงประทีปฟ้า|ดารกะ|ดารา|ดารากร|ดารารัตน์|ดาริกา|ดาวกระจาย|ดาวฤกษ์|นกษัตร|นักษัตร|ผกาย|เกล็ดดาว
ทิศเหนือ,n,ข้างตีน|อุดร|อุตดร|อุตรทิศ
ทิศใต้,n,ข้างหัวนอน|ทักขิณา|ทักษิณ|ทักษิณา|ทิกขิณทิศ|หัวนอน|อปาจี|อปาจีน|อวาจี
ทิศตะวันออก,n,ข้างออก|บุรพทิศ|บุรัตถิมทิศ|บุริมทิศ|บูรพาทิศ|ปราจีน|ปาจีน
ทิศตะวันตก,n,ข้างตก|ทิศอัสดงคต|ประจิม|ปรัศจิมทิศ|ปัจฉิมทิศ|ปัศจิมทิศ
ฤดูฝน,n,พรรษฤดู|วรรษา|วัสสะ|วัสสานฤดู|วัสสานะ|หน้าฝน
ฤดูหนาว,n,ศิศีระ|ศีตกาล|หน้าหนาว|เดือนเย็น|เหมันตฤดู|เหมันต์
แผ่นดิน,n,กษมา|ฉมา|ธรณิน|ธรณี|ธรา|ธราดล|ธริษตรี|ธาตรี|ธาษตรี|ธเรษตรี|ปฐพี|ปฐวี|ปัถพี|ปัถวี|พสุธา|พสุธาดล|พสุนธรา|พสุมดี|ภพ|ภูดล|ภูมิ|ภูวดล|มหิ|มหิดล|วสุนทรา|หล้า|อจลา|อุรพี|เมทนี|เมทินี|โลกธาตุ
ป่า,n,ชัฏ|ดง|ป่าไม้|พง|พงพนา|พงพี|พงไพร|พนัส|พนา|พนาดร|พนาดอน|พนาลัย|พนาวัน|พนาสณฑ์|พนาสัณฑ์|พนาเวศ|วนา|วนาดร|วนาดอน|วนาลัย|วนาสณฑ์|วนาสัณฑ์|อรัญ|อรัญญิก|อัญ|เถื่อน|ไพร|ไพรวัน|ไพรสณฑ์|ไพรสัณฑ์|ไพรสาณฑ์
ภูเขา,n,คีรี|นคะ|บรรพต|พนม|ภู|ภูผา|ศิขริน|ศิขรินทร์|ศิขรี|ศิงขร|ศิงขริน|ศิงขรี|สิขร|สิขรี|สิงขร|ไศล
เมฆ,n,นภจร|ปัชชุน|ปโยธร|พลาหก|วลาหก|วาริท|วาริธร|อัมพุท|เมฆา|เมฆินทร์|เมฆี
ฝน,n,น้ำฟ้า|พรรษ|พลาหก|พิรุณ|วรรษ|วัสสะ|วารีหลั่ง|วุฐิ|สายฝน|เผลียง
ท้องฟ้า,n,คคนะ|คคนัมพร|คคนางค์|คคนานต์|ดาราบถ|ทิฆัมพร|ทีฆัมพร|นภดล|นภมณฑล|นภา|นภาลัย|นักษัตรบถ|ลางงิด|วยัมหะ|สรวง|สันรวง|สุรบถ|หาว|อัมพร|อากาศ|เวหน|เวหา|เวหายส|เวหาส|โพยม|โพยมัน|โพยมาน|ไทวะ
สวรรค์,n,กระยาหงัน|ลางงิด|วยัมหะ|สรวง|สัค|สัคคะ|สันรวง|สุขาวดี|สุคติ|สุรบถ|สุราลัย|สุรโลก|เทวโลก|เมืองฟ้า|เมืองอมร|เมืองแมน|ไกพัล|ไกวัล|ไตรทศาลัย|ไตรทิพย์|ไทวะ
นรก,n,ทุคติ|นรกานต์|นารกะ|นิรย|ปรโลก|ยมโลก|อบายภูมิ|อเวจี|เมืองผี|แดนมิคสัญญี|โลกันต์
พระพุทธเจ้า,n,ชินศรี|ชินสีห์|ตถาคต|ธรรมราชา|พระชินวร|พระชินสีห์|พระตถาคต|พระทศญาณ|พระทศพลญาณ|พระธรรมราช|พระผู้มีพระภาคเจ้า|พระพุทธองค์|พระศากยมุนี|พระศาสดา|พระสมณโคดม|พระสัพพัญญู|พระสัมมาสัมพุทธเจ้า|พระสุคต|พระโลกนาถ|มารชิต|สรรเพชญ|สัพพัญญู|โลกชิต|โลกนาถ
เทวดา,n,นิรชร|นิรชรา|ปรวาณ|สุร|สุรารักษ์|อมร|เทพ|เทพยดา|เทว|เทวัญ|เทวา|เทวินทร์|แมน|ไตรทศ
นางฟ้า,n,นางสวรรค์|นิรชรา|รัมภา|สุรางคนา|อัจฉรา|อัปสร|เทพธิดา|เทวี
พระพรหม,n,กมลาสน์|กัมลาศ|ครรไลหงส์|จตุรพักตร์|จัตุรพักตร์|ธาดา|ประชานาถ|ปรเมษฐ์|ปิตามหะ|พรหมธาดา|พรหมา|พรหมินทร์|พรหเมนทร์|พรหเมศวร|หงสรถ
พระอิศวร,n,จันทรเศขร|ภูเตศวร|มหาเทพ|ศังกร|ศิวะ|ศุลี|สยมภู
พระนารายณ์,n,จักรปาณี|จักรี|ธราธร|ธราธาร|วิษณุ
พระอินทร์,n,พันตา|พันเนตร|มฆวัน|มหินท์|มัฆวา|มัฆวาน|มเหนทร์|วชิรหัตถ์|วชิราวุธ|วัชรปาณี|วัชรินทร์|วัชรี|วัชเรนทร์|วาสพ|ศักรินทร์|ศักเรนทร์|สวรรคบดี|สหัสนัยน์|สหัสเนตร|สักกะ|สุชัมบดี|สุรบดี|สุรินทร์|สุเรนทร์|อมรบดี|อมรราช|อมรินทร์|อมเรนทร์|อมเรศ|อมเรศวร|เทพบดี|เพชรปาณี|เพชรายุธ|โกสินทร์|โกสีย์
ครุฑ,n,กาศยปิ|ขเคศวร|คคเนศวร|ครุตมาน|นาคนาศนะ|นาคานดก|นาคานตกะ|ปันนคนาสน์|รักตปักษ์|วิษณุรถ|สิตามัน|สุบรรณ|สุวรรณกาย|สุเรนทรชิต|เวนไตย|เศวตโรหิต
ยักษ์,n,กุมภัณฑ์|ทานพ|มาร|ยักขินี|ยักข์|ยักษา|ยักษิณี|ยักษี|รากษส|ราพณาสูร|ราพณ์|อสุรา|อสุรี|อสุเรศ|อสูร|แทตย์
นักบวช,n,ดาบส|นักพรต|นักสิทธิ์|นิครนถ์|บรรพชิต|บาทหลวง|ปริพาชก|พระ|ภิกขุ|ภิกษุ|มุนี|ฤษี|ฤๅษี|สมณะ|หลวงจีน|โยคี
นักปราชญ์,n,ธีระ|บัณฑิต|ปราชญ์|ปัญญาชน|พหูสูต|วิญญู|เธียร|เมธาวี|เมธี
ผู้เชี่ยวชาญ,n,กูรู|ผู้รู้|ผู้สันทัดกรณี|เซียน
เชี่ยวชาญ,adj,คร่ำหวอด|จัดเจน|ฉลาด|ชาญ|ชำนาญ|ชำนิ|ชำนิชำนาญ|ช่ำชอง|ถนัด|ปฏิภาณ|ปัญญาดี|สันทัด|เก่ง|เก๋า|เฉียบแหลม|เปรื่องปราด|เมธีฉลาด|โกวิท
ฉลาด,adj,คมคาย|จินดาหรา|ฉลาดเฉลียว|ชาญฉลาด|ทันคน|ธีระ|ประทักษ์|ประพิณ|ประวีณ|ปราดเปรื่อง|ปวีณ|พยัต|พฤทธ์|พิทูร|วิจักขณ์|วิจักษณ์|วิทูร|วิสารทะ|หลักแหลม|หัวดี|หัวแหลม|หัวไว|อัจฉริยะ|เฉียบแหลม|เธียร|โกวิท|โกศล
โง่,adj,กำเลา|กินหญ้า|กินแกลบกินรำ|ขี้เท่อ|งั่ง|งี่เง่า|ซื่อบื้อ|ทึบ|ทึ่ม|ปัญญาทึบ|ปัญญาอับ|ปัญญาอ่อน|พาลโง่|มนท์|มืดบอด|สมองกลวง|สมองขี้เลื่อย|สมองทึบ|หัวขี้เลื่อย|หัวทึบ|เขลา|เฉาโฉด|เซอะ|เซอะซะ|เซ่อ|เบาปัญญา|โง่งม|โง่เขลา|โง่เง่า|โง่เง่าเต่าตุ่น|โฉด|โฉดเฉา|โมมูหะ|โมมูห์
ขี้เหนียว,adj,ขี้ตืด|ขี้หวง|งก|ตระหนี่|มัจฉระ|มัตสระ
ประหยัด,adj,กระเบียดกระเสียร|กระเหม็ดกระแหม่|จำกัดจำเขี่ย|มัธยัสถ์|อดออม|เขม็ดแขม่
ฟุ่มเฟือย,adj,ฟุ้งเฟ้อ|มือเติบ|สิ้นเปลือง|สุรุ่ยสุร่าย|หน้าใหญ่ใจโต|อีฉุยอีแฉก|อีลุ่ยฉุยแฉก|อีหลุยฉุยแฉก|ใจเติบ|ใจใหญ่ใจโต
เอื้อเฟื้อเผื่อแผ่,adj,มีน้ำใจ|อารี|อารีอารอบ|โอบอ้อมอารี|ใจกว้าง|ใจดี|ใจบุญ|ใจป้ำ
ช้าง,n,กริณี|กริน|กรินทร์|กรินี|กรี|กิริณี|กิรินี|กุญชร|กเรณุ|กเรณุกา|กเรนทร|กเรนทร์|คช|คชสาร|คชา|คชาชาติ|คชาธาร|คชินทร์|คเชนทร์|ดมไร|ดำรี|ดำไร|ทนดี|ทวิป|ทันติน|ทันตี|นรการ|นาค|นาคินทร์|นาคี|นาเคนทร์|นาเคศ|นาเคศวร|พลาย|พัง|พารณ|พารณะ|พาฬ|มาตงค์|มาตังคะ|สาง|สาร|สินธุระ|สีดอ|หัตถินี|หัตถี|หัสดิน|หัสดี|เจ่ง|ไอยรา
ม้า,n,ดุรงค์|ตุรงค์|พาชี|มโนมัย|สินธพ|หัย|อัศวะ|อัสดร|อัสสะ|อาชา|แสะ
วัว,n,กุพฺก|คาวี|งัว|ฉลู|พฤษภ|พลิพัท|มอ|ฤษภ|วฤษภ|วสภะ|วัตสดร|อุสภ|อุสุภ|โค
ควาย,n,กระบือ|กาสร|มหิงสา|มหิงส์|มหิษ|ลุลาย
สิงโต,n,นฤเคนทร์|บรรสิงห์|พาฬ|ราชสีห์|สิงหราช|สิงห์|สีหราช|สีห์|เกสรี|เจ้าป่า|ไกรศร|ไกรศรี|ไกรสร|ไกรสรี|ไกรสีห์
เสือ,n,ขลา|ขาล|ตะโก|ทวีปี|พยัคฆา|พยัคฆิน|พยัคฆี|พยัคฆ์|พาฬ|ศารทูล|อชินี
ลิง,n,กบินทร์|กบิล|กบี่|กปิ|กระบี่|กะบี่|กาสร|กเบนทร์|จ๋อ|ชรโมล|พลีมุข|พานร|พานรินทร์|พานเรศ|มักกะโท|มักฏะ|ลิงค่าง|วอก|วานร|วานรินทร์|สวา
นก,n,ทวิช|ทวิชาชาติ|ทิชากร|บุหรง|ปักษา|ปักษิน|ปักษี|วิหค|วิหงค์|ศกุน|ศกุนต์|ศกุนิ|สกุณ|สกุณา|สกุณี|สกุนต์|สรุโนก|สุโนก|เวหังค์
นกยูง,n,ฟ้อนหาง|มยุระ|มยุรา|มยุรี|มยุเรศ|มยูร|ยูงทอง|ศิขิน|เมารี|โมรา|โมรี
ปลา,n,ชลจร|ชลาศัย|ตรี|ตฤๅ|นีรจร|ปุถุโลม|มัจฉา|มัจฉาชาติ|มัสยา|มิต|มีน|มีนา|วาริช|วาริชาติ|วารีช|วารีชาติ|อัมพุช|อัมพุชา
งู,n,ทีฆชาติ|นาค|นาคา|นาคี|ผณิ|ผณิน|พาฬ|ภุชคะ|ภุชงคมะ|ภุชงค์|มณี|วิษธร|สรีสฤบ|สัปปะ|อสรพิษ|อหิ|อาศิรพิษ|อาศิรวิษ|อาศีรพิษ|อาศีรวิษ|อุรค|อุรคะ|เงี้ยว|เทียรฆชาติ|โฆรวิส|โภคิน|โภคี
หมู,n,จรุก|วราหะ|วราห์|ศูกร|สุกร|หมูป่า
หมา,n,ขอน|จอ|ศวา|ศวาน|สุนัข|สุวาน|โสณะ|โสเณยยะ
แมว,n,ชมา|พยัคฆ์น้อย|พิฬาร|มัชชาระ|วิฬาร|วิฬาร์|เหมียว|แมวเหมียว
จระเข้,n,กุมภา|กุมภิล|กุมภีร์|กุมภีล์|ชาละวัน|ตะเข้|นักกะ|นักระ|รากษสน้ำ|สุมสุมาร
เต่า,n,กริว|กัจฉปะ|กัศยป|กุมภีร์เต่า|กูรมะ|จริว|จิตรจุล|ตริว|อันโด๊ก|เต่านา
ตะพาบ,n,กราว|กริว|จมูกหลอด|จราว|จริว|ตริว|ตะพาบน้ำ|ปลาฝา|อันโด๊ก
ดอกไม้,n,กุสุม|กุสุมา|กุสุมาลย์|บุปผชาติ|บุปผา|บุษบง|บุษบัน|บุษบา|บุหงา|ผกา|มาลย์|มาลา|มาลี|สุมลี|สุมาลี|โกสุม
บัว,n,กมล|กมลาศ|กมเลศ|กระมล|จงกล|จงกลนี|ตาราไต|นิลุบล|นิโลตบล|นีรช|นีรชะ|บงกช|บุณฑริก|บุษกร|ปทุม|ปทุมา|ปัทมา|ปัทม์|วาริช|วารีช|สัตตบงกช|สัตตบรรณ|สาโรช|สโรชะ|อัมพุช|อุบล|โกมล
หญ้า,n,ตฤณ|ตฤณชาติ|ติณ|ติณชาติ|ทุรวา|บุพษาหญ้า|พงหญ้า|ยาวัส|หญ้าคมบาง|หญ้าแพรก|หริต|เกลียง
ต้นไม้,n,ตรุ|ทรุม|ทุม|บาทบ|ปาทป|พฤกษา|พฤกษ์|รุกข์|ลดา|วัลลี|เฌอ
ราชพฤกษ์,n,คูน|ลมแล้ง
กัลปพฤกษ์,n,กาลพฤกษ์|เปลือกขม
จั๋งไทย,n,จั๋งใต้
ขนุนปาน,n,ขนุนป่า
เมือง,n,กทลี|กรุง|กรุงไกร|ธานิน|ธานินทร์|ธานี|นคร|นครินทร์|นคเรศ|บุระ|บุรินทร์|บุรี|ปุระ|พารา|ราชธานี
เมืองหลวง,n,กรุง|นครหลวง|พระนคร|ราชธานี
กษัตริย์,n,ขัตติยะ|จักรพรรดิ์|จักรี|ธรณินทร์|ธรณิศ|ธรณิศวร์|ธรณีศวร|ธรนิศร|ธราธิบดี|ธราธิป|ธิราช|ธเรศ|นราธิป|นรินทร์|นริศ|นฤบดินทร์|นฤบดี|นฤบาล|นฤเบศร์|นเรนทร์|นโรดม|บดินทร์|บดี|บพิตร|พระเจ้าอยู่หัว|พระเจ้าแผ่นดิน|พ่ออยู่หัว|ภูธเรศ|ภูนาถ|ภูนายก|ภูบดินทร์|ภูบดี|ภูบาล|ภูมินทร์|ภูมิบาล|ภูวไนย|ภูเนตุ|ภูเบศ|ราช|ราชัน|ราชา|ราชาธิราช|ราเชนทร์|อดิศรภูวนาถ|อธิป|อธิราช|เหนือหัว|ในหลวง
หมอ,n,จีนแส|ซินแส|ภิษัช|ภิสัก|เวช|แพทย์|ไวทย์
โสเภณี,n,กะหรี่|คณิกา|นครโสภิณี|นครโสเภณี|นางกลางเมือง|นางโลม|หญิงขายบริการ|หญิงงามเมือง|หญิงนครโสภิณี|หญิงนครโสเภณี|หญิงหากิน|อีตัว|เวศยา|เวสิ|เวสิยา|แพศยา|โสภิณี
คน,n,ชน|นร|นรชน|นรชาติ|นรา|นรากร|บุคคล|บุรุษ|ประชา|ผู้|มนุษย์|มรรตยะ|มรรตัย|มัจจะ|มัตตัย|มัตยะ|มานพ|มานุษย์
ประชาชน,n,ชน|ชาวบ้าน|ชาวเมือง|ประชาชี|ประชาราษฎร์|ปั่ว|ฝุ่นเมือง|พลเมือง|พสก|พสกนิกร|มหาชน|ราษฎร|เลก|ไพร่|ไพร่ฟ้า
ศัตรู,n,ข้าศึก|ดัสกร|ปฏิปักษ์|ปรปักษ์|ปัจจามิตร|ปัจนึก|ริปู|อริ|เวรี|ไพรี
ผู้หญิง,n,กระลาพิม|กระลาศรี|กัญญา|กันยา|กันย์|กัลยา|กัลยาณี|กานดา|กามินี|จอมขวัญ|จอมใจ|ฉัยยา|ชารี|ดรุณี|ดวงสมร|ถี|ทรามวัย|ทรามสงวน|ทรามสวาท|ทรามเชย|นงคราญ|นงพะงา|นงพาล|นงพุธ|นงราม|นงลักษณ์|นงเยาว์|นงโพธ|นรี|นารี|นาเรศ|นิรมล|บังอร|พธู|พนิดา|พุ่มพวง|ภีรุ|มาณวิกา|มาตุคาม|มารศรี|ยุพดี|ยุพยง|ยุพา|ยุพาน|ยุพาพาล|ยุพาพิน|ยุพิน|ยุพเยาว์|ยุพเรศ|ยุวดี|รมณี|ร้อยชั่ง|ลลนา|วธู|วนิดา|วนิตา|วรดนู|สตรี|สมร|สะคราญ|สายสมร|สุดา|อนงค์|อร|อรทัย|อรนุช|อังคณา|อิตถี|อิสตรี|อิสัตรี|เยาวพา|เยาวมาลย์|เยาวลักษณ์|เยาวเรศ|แก้วตา|โฉมตรู|ไฉยา
เด็ก,n,กุมาร|ดรุณ|ทารก|พาล|ศิศุ
พ่อ,n,ชนก|บิดร|บิดา|บิตุรงค์|บิตุเรศ|ปาปอหยีสังฆาตา|ปิตุ|ป๋า|สังคาตา|เตี่ย
แม่,n,ชนนี|ชเนตตี|นนทลี|มาดา|มาตฤ|มาตา|มาตุ|มาตุรงค์|มาตุเรศ|มารดร|มารดา|อัมพา|เม
ปู่,n,ก๋ง|ปิตามหะ|อัยกะ|อัยกา
ย่า,n,ปิตามหี|อัยกี|อัยยิกา
ตา,n,จักขุ|จักขุมา|จักษุ|ดวงตา|นยนะ|นยนา|นัยนา|นัยน์|นัยน์ตา|นัยน์เนตร|มาตามหะ|ลูกตา|อัยกะ|เนตร|โลจนะ
ยาย,n,ขรัวยาย|มาตามหา|อัยกี|อัยยิกา
ภรรยา,n,ฆรณี|ชายา|ชาเยนทร์|ชาเยศ|ปัตนี|ภริยา|มเหสี|สนม|เมีย
สามี,n,ผัว|ภรรดร|ภรรดา|ภัสดา|ลุง|สวามี
ลูก,n,กูน|ดนุช|บุตร|เอารส|โอรส
ลูกชาย,n,ดนยะ|ดนัย|บุตร|โอรส
ลูกสาว,n,ดนยา|ธิดา|บุตรี|สุดา
น้องชาย,n,กนิษฐภาดา|อนุชา
เพื่อน,n,คนสนิท|คู่ซี้|คู่หู|มิตร|วยัสย์|สขะ|สขา|สขิ|สหาย|เกลอ|เสี่ยว
ใจ,n,กมล|กระมล|จิต|ดวงใจ|มน|มโน|ฤดี|ฤทัย|หทัย|หฤทัย|หัวใจ|แด
หัว,n,กบาล|กระบาล|พระเจ้า|มัตถกะ|มัสดก|มุทธา|มุรธา|มูรธา|ศิระ|ศิรามพุช|ศีรษะ|สิระ|สิโรดม|สิโรตม์|สีสะ|เศียร
ผม,n,ขนหัว|ศก|สก|เกศ|เกศธาตุ|เกศา|เกศี|เกส|เกสา|เกสี|เผ้า|เส้นพระเจ้า
เท้า,n,ตีน|บท|บทบงกช|บทมาลย์|บทวเรศ|บทศรี|บทามพุช|บทเรศ|บัวบาท|บาท|บาทบงกช|บาทา
ตา,n,จักขุ|จักขุมา|จักษุ|ดวงตา|นยนะ|นยนา|นัยนา|นัยน์|นัยน์ตา|นัยน์เนตร|มาตามหะ|ลูกตา|อัยกะ|เนตร|โลจนะ
คิ้ว,n,ขนง|ภมุ|ภมุกะ|ภมุกา|ภรู|ภรูมณฑล|เจิม|โขนง
ปาก,n,มุลุต|ลปนะ|วทนะ|วัทน์|อานน|โอฐ|โอษฐ์
ฟัน,n,กราม|ทนต์|ทันต์|ทาฐะ|ทาฒะ|ฟาง|รท|รทนะ|เขี้ยว
ลิ้น,n,ชิวหา|มลิ้น|รสนา|อันด๊าก
ทองคำ,n,กนก|กัมพู|กาญจนา|กาญจน์|กำภู|คำ|จามีกร|จารุ|ชมพูนท|ชมพูนุท|ชัมพูนท|ชาตรูป|ชามพูนท|ตปนียะ|นพคุณ|มาศ|สิงคี|สุพรรณ|สุวรรณ|หาดก|หาตกะ|อุไร|เหม|ไร
เงิน,n,ปรัก|ปรารถ|รชต|รชตะ|รัชฎา|รัชดา|รัชตะ|ลาดเงิน|ศิรัญ|หิรัญ|หิรัณย์|เงินตรา|เนื้อเงิน
เพชร,n,พชระ|พชรเพชร|พัชร|พัชรินทร์|มณิ|มณี|มหาวชิร|วชิร|วชิระ|วัชระ|วิเชียร|เพชรน้ำหนึ่ง|เพชรรัตน์
เรือ,n,จังโหลน|ดารณี|ตรณี|ตูก|นาวา|นาวี|นาเวศ|ยานนาวา|สุพรรณหงส์|เนา|เภตรา
ธง,n,ตุง|ธชะ|ธวัช|ธัช|ธุช|บรรดาก|ประดาก|เกตุ
หิน,n,กรวด|ถมอ|ปราษาณ|ปาษาณ|ปาสาณ|ผลา|ศิลา|สมอ|สลา|สิลา|เสลา|โขด|ไศล
ขยะ,n,กระหยะ|กาก|กากขยาก|กุมฝอย|ของเสีย|คุมฝอย|มูลฝอย|สังการ|สิ่งปฏิกูล|หยากเยื่อ|เดน
แก่,adj,งอม|ชรา|มีอายุ|สูงวัย|สูงอายุ|หง่อม|อาวุโส|เฒ่า
กิน,v,กลืน|กินความ|ฉัน|ซัด|บริโภค|ฟาด|ยัด|รสลิ้ม|รับประทาน|ลิ้ม|สวาปาม|หม่ำ|เขมือบ|เจี๊ยะ|เสพ|เสวย|แดก|แอ้ม|โซ้ย|โภค
นอน,v,งีบ|จำวัด|นิทรา|บรรทม|ประทม|ผทม|หลับ|อิงแอบ|เอนกาย|เอนตัว|เอนหลัง|แนบกาย|ไสยาสน์
ป่วย,v,ประชวร|อาพาธ|เจ็บ|เจ็บป่วย|เจ็บไข้|ไม่สบาย
ตาย,v,กระทำกาลกิริยา|กระทำกาละ|กลับบ้านเก่า|ขาดใจ|ชีวาลัย|ชีวิตักษัย|ซี้|ดับ|ดับขันธ์|ดับชีพ|ตักษัย|ถึงชีพิตักษัย|ถึงซึ่งกาลกิริยา|ถึงแก่กรรม|ถึงแก่พิราลัย|ถึงแก่มรณกรรม|ถึงแก่อนิจกรรม|ถึงแก่อสัญกรรม|ทำกาลกิริยา|ทำกาละ|ทิวงคต|นิคาลัย|บรรลัย|ปรินิพพาน|พิราลัย|มรณภาพ|มรณะ|มรณา|มลาย|มอดม้วย|ม่องเท่ง|ม้วย|ม้วยมอด|ละสังขาร|ลาโลก|ล่วงลับ|วางวาย|วายชนม์|วายชีวิต|วายปราณ|วายวาง|วายสังขาร|สวรรคต|สิ้น|สิ้นกรรม|สิ้นกรรมสิ้นเวร|สิ้นชีพ|สิ้นชีพตักษัย|สิ้นชีวิต|สิ้นชื่อ|สิ้นบุญ|สิ้นพระชนม์|สิ้นลม|สิ้นลมปราณ|สิ้นสังขาร|สิ้นอายุขัย|สิ้นเวร|สิ้นเวรสิ้นกรรม|สิ้นใจ|หมดกรรม|หมดกรรมหมดเวร|หมดบุญ|หมดลม|หมดเวร|หมดเวรหมดกรรม|อาสัญ|เท่งทึง|เสีย|เสียชีวิต|ไปค้าถ่าน
ฆ่า,v,คร่าชีวิต|ฆ่าฟัน|ฆ่าแกง|ประหัต|ประหัตประหาร|ประหาร|ปลิดชีพ|ผลง|ผลาญ|ผลาญชีพ|พิฆาต|ฟาดฟัน|มล้าง|ล้างชีพ|วัชฌ์|วิฆาต|สังหาร|หตะ|อภิฆาต|เข่นฆ่า|เด็ดชีพ|เด็ดหัว|เอาชีวิต
ทำลาย,v,กรุน|กวาดล้าง|กำจัด|ขจัด|ถอนต้นก่นราก|ถอนยวง|ถอนรากถอนโคน|ผลาญ|พร่า|พัง|มล้าง|ม้าง|ล้างผลาญ|หตะ|อภิฆาต
สงคราม,n,การรบ|จำบัง|ฉุป|ณรงค์|ประจัญ|ยุทธนา|ยุทธยาม|ยุทธ์|รณรงค์|ศึก|สมร|ไอยราศึก
สนามรบ,n,ยุทธภูมิ|รงค์|รณภู|รณภูมิ|รณรงค์|รณสถาน|รณเกษตร|สมรภูมิ|อชิระ
พยายาม,v,ทุ่มเท|บากบั่น|พากเพียร|มานะ|มุ|มุมานะ|อุตสาหะ|อุตส่าห์|เพียร
สร้าง,v,ก่อ|ทำ|นฤมิต|นิมิต|นิรมิต|บพิธ|ประดิษฐ์|ผลิต|รังสรรค์|รังสฤษฏ์|สถาบก|สรรค์|สรรค์สร้าง|สร้างสรรค์|เนรมิต
เกิด,v,กำเนิด|ก่อตั้ง|ชาตะ|ตกฟาก|ถือกำเนิด|ทรงพระราชสมภพ|บังเกิด|ปฏิสนธิ|ประสูติ|สมภพ|สูนะ|อุบัติ|เสวยพระชาติ
ไหว้,v,กราบ|คัลลอง|คารวะ|คำนับ|ชุลี|ถวายบังคม|นมัสการ|นอบนัอม|บังคม|บูชา|ประณต|ประณม|ประนม|วันทา|อภิวาท|อัญชลี|อัญชุลี
ดู,v,จ้อง|ชม|ชระเมียง|ชะเง้อ|ชายตา|ชำเลือง|ทอดตา|ทอดพระเนตร|ทัศนา|ทิพยเนตร|พิศ|มอง|ยล|ส่อง|อัมพรยล|เพ่ง|เมิล|เมียง|เล็ง|แยงยล|แล
เดิน,v,กราย|คลา|คลาไคล|จร|จรลี|ดล|ดำเนิน|ทอดน่อง|บทจร|ผเดิน|ยาตร|ยาตรา|ยุรยาตร|ย่าง|ย่างบาท|ลีลา|ล่วง|สถล|สัญจร|เดินเหิน|เตร่|เต้า|เยื้องย่าง|ไคลคลา
ไป,v,ครรไล|คระไล|คลา|คลาด|คลาศ|คัล|จร|ผัน|ผาย|มุ่ง|ระเห็จ|สู่|เต้า|ไคล|ไป่
แต่งงาน,v,วิวาห์|สมพงศ์|สมรส|อภิเษกสมรส|อาวาหะ
เศร้า,v,กำสรด|กำสรวล|คร่ำครวญ|ชอกช้ำ|ช้ำชอก|ช้ำใจ|ทุกข์ใจ|มลาน|ระทด|ระทม|รันทด|ร้องไห้|สลด|หม่นหมอง|เศร้าหมอง|เศร้าโศก|โศก|โศกศัลย์|โศกสลด|โศกา|โศกี|โศกเศร้า
โกรธ,v,กริ้ว|ขัดเคือง|ขัดใจ|ขึ้งเคียด|ขึ้งโกรธ|ฉุนเฉียว|พิโรธ|พื้นเสีย|เกรี้ยวกราด|เกรี้ยวโกรธ|เคือง|เดือดดาล|โกรธขึ้ง|โกรธา|โกรธเกรี้ยว|โมโห
สวยงาม,adj,งดงาม|งาม|ตระการ|ประไพ|พริ้ง|พริ้งพราย|พริ้งเพรา|พริ้งเพริศ|พะงา|พิจิตร|มล่าวเมลา|รงรอง|รจิต|รังรอง|รังเรข|รุจิเรข|รูจิเรข|ลออ|วิจิตร|วิลาวัณย์|วิไล|สวย|สะคราญ|สิงคลิ้ง|สุทรรศน์|สุทัศน์|หาริ|อภิราม|อะเคื้อ|อันแถ้ง|อำไพ|เสาวภา|เสาวภาคย์|เสาวลักษณ์|แฉล้ม|โกมล|โสภณ|โสภา|โสภี|ไฉไล|ไพจิตร|ไพไล
รุ่งเรือง,adj,จรัส|จำรัส|ชวลิต|ชัชวาล|รุจิ|รุจี|รุ่งโรจน์|โชติช่วง
เลิศ,adj,บวร|ประเสริฐ|ยอด|ยอดเยี่ยม|ล้ำเลิศ|วิศิษฏ์|วิเศษ|เจ๋ง
ขี้เหร่,adj,ขี้ริ้ว|น่ารังเกียจ|น่าเกลียด|รูปชั่ว|อัปลักษณ์
เลว,adj,จังไร|จัญไร|ชั่ว|ชั่วช้า|ชั่วร้าย|ต่ำช้า|ทราม|ระยำ|ระยำตำบอน|สาธารณ์|สามานย์|อัปมงคล|อัปรีย์|เลวทราม|แย่
อาหาร,n,กับข้าว|ของกิน|ขาทนียะ|จังหัน|นิตยภัต|บิณฑบาต|ผลาหาร|ภักขะ|ภักษา|ภักษาหาร|ภัตตาหาร|ลฆุโภชน์|สมพล|สัมพล|เสบียง|โภชนียะ
เยี่ยว,v,ฉี่|ชิ้งฉ่อง|ถ่ายปัสสาวะ|ถ่ายเบา|ปลดทุกข์|ปัสสาวะ|ยิงกระต่าย|ลงพระบังคนเบา|เก็บดอกไม้|เด็ดดอกไม้
เยี่ยว,v,ฉี่|ชิ้งฉ่อง|ถ่ายปัสสาวะ|ถ่ายเบา|ปลดทุกข์|ปัสสาวะ|ยิงกระต่าย|ลงพระบังคนเบา|เก็บดอกไม้|เด็ดดอกไม้
ขี้,v,ถ่าย|ถ่ายทุกข์|ถ่ายท้อง|ถ่ายหนัก|ถ่ายอุจจาระ|ปลดทุกข์|ลงพระบังคนหนัก|อึ|อุจจาระ|ไปทุ่ง
ขี้,v,ถ่าย|ถ่ายทุกข์|ถ่ายท้อง|ถ่ายหนัก|ถ่ายอุจจาระ|ปลดทุกข์|ลงพระบังคนหนัก|อึ|อุจจาระ|ไปทุ่ง
คำพูด,n,ถ้อย|พจนา|พจน์|พากย์|พาท|วจนะ|วจี|วทนะ|วัจน์|วัทน์|วาจา|วาท|วาทะ
พูด,v,กถา|กระพอก|กล่าว|ขาน|คุย|จรรจา|จา|จำนรรจา|จำนรรจ์|ดำรัส|ตรัส|ทูล|บอก|ประภาษ|ปราศรัย|ฝอย|พจนา|พรอก|พร้อง|พากย์|พาที|ภณะ|ภาษ|รับสั่ง|วทะ|วาที|ว่า|สนทนา|สุนทร|อื้น|เจรจา|เปรย|เล่า|เว้า|เอิ้น|เอื้อน|เอื้อนเอ่ย|เอ่ย|แถลง
ทวี,v,คูณ|งอกงามปริมาณ|ทวีคูณ|พอกพูน|ยิ่งขึ้น|สองเท่า|เท่าตัว|เพิ่มพูน
สี่,n,จตุ|สองคู่
ยี่สิบ,n,ซาว|พิศ|วีสะ|เพส
กกต.,n,คณะกรรมการการเลือกตั้ง
มหาวิทยาลัยขอนแก่น,n,ม.ขอนแก่น|มข.|มหาลัยขอนแก่น|มอดินแดง
จุฬาลงกรณ์มหาวิทยาลัย,n,จุฬา|จุฬาลงกรณมหาวิทยาลัย|จุฬาฯ
มกราคม,n,ม.ค.|มกรา
กุมภาพันธ์,n,ก.พ.|กุมภา
มีนาคม,n,มี.ค.|มีนา
เมษายน,n,เม.ย.|เมษา
พฤษภาคม,n,พ.ค.|พฤษภา
มิถุนายน,n,มิ.ย.|มิถุนา
กรกฎาคม,n,ก.ค.|กรกฎา
สิงหาคม,n,ส.ค.|สิงหา
กันยายน,n,ก.ย.|กันยา
ตุลาคม,n,ต.ค.|ตุลา
พฤศจิกายน,n,พ.ย.|พฤศจิกา
ธันวาคม,n,ธ.ค.|ธันวา
เวลา,n,กาล|ครั้ง|คราว|ครู่|ยาม|หน|เพลา
กลางคืน,n,ค่ำคืน|นิศา|นิศากาล|ยามค่ำ|ยามดึก|รัชนี|รัตติ|รัตติกาล|ราตรี
กลางวัน,n,ทิน|ทิพา|ทิวา|ทิวากร|ทิวากาล|ยามกลางวัน
วัน,n,ทิน|ทิพา|ทิวะ|ทิวา
เลือด,n,รุธิระ|รุเธียร|โรหิต|โลหิต
แดง,adj,กษาย|ชาด|ประวาลวรรณ|มณีราค|มันปู|ระเรื่อ|รัตต|รุธิระ|รุเธียร|สุริยาแดง|หง|อรุณ|แดงฉาน|โรหิต|โลหิต|โศณะ
ขาว,adj,ชุณห|ชุษณะ|ซีด|ด่อน|นวล|ปรีดิ์|ผ่อง|พบู|พิศุทธ์|วิศุทธิ์|วิศุทธ์|วิสุทธิ์|วิสุทธ์|ศุกล|ศุภร|สกาว|สว่าง|สอ|อรชุน|เผือก|เศวต|เศวตร|โสภณขาว|โอภาสขาว
ดำ,adj,กฤษณา|กัณห|กาล|กาฬ|จะกรุน|จะกรูน|ดำมืด|ทมิฬ|ทะมึน|นิล|มืด|ศยาม|ศยามล|สามล|สามะ|อสิตะ|โกมลดำ
ใหญ่,adj,กว้าง|กว้างใหญ่|บิณฑ์|พิบูล|พิศาล|มหันต์|มหา|มหึมา|มโหฬาร|หลวง|โต|ไพศาล
อ้วน,adj,จ้ำม่ำ|ท้วม|อวบ|อวบอัด|อวบอั๋น|อวบอ้วน|อ้วนจ้ำม่ำ|อ้วนท้วน|อ้วนพี|เจ้าเนื้อ
ผอม,adj,ซูบ|ซูบซีด|ซูบผอม|ผอมบาง|ผอมโซ|ผ่ายผอม
อร่อย,adj,กระป่ำ|กระเอบ|ถูกปาก|นัว|รสดี|รสเด็ด|สาทุ|เลิศรส|เสาวรส|เอมโอช|เอร็ดอร่อย|แซบ|โอชะ|โอชา
เสือก,v,จุ้น|จุ้นจ้าน|ยื่นจมูก|ละลาบละล้วง|สอดรู้|สอดรู้สอดเห็น|สะเหล่อ|สะเออะ|สาระแน|สู่รู้|เจ๋อ|เจ๋อเจ๊อะ|เสนอหน้า|เสือกกะโหลก|แส่
ไม่,adv,บมิ|บราง|บ่|บ่มิ|ปฏิเสธ|มิ|หามิได้|หาไม่|ห่อน|ไป่
ผู้ชาย,n,การดา|นร|บุรุษ|มานพ
ร่างกาย,n,กายา|ตนู|ลักษมี|สรีระ|อินทรีย์
ใบหน้า,n,ปราง|พักตร์|วักตร์
มือ,n,กร|พาหา|พาหุ|หัตถ์
นักรบ,n,กษัตริย์นักรบ|ทหาร|นักพุ่ง|พลรบ|แม่ทัพ|โยธา
เจ้าชาย,n,ดนัย|ดนุช|ราชกุมาร|ราชโอรส|โอรส
เจ้าหญิง,n,ดนยา|ธิดา|ราชธิดา|สุดา|องค์หญิง
ชาวนา,n,กสิกร|ชาวสวน|ชาวไร่|เกษตรกร
ครู,n,คุรุ|บูรพาจารย์|ศาสดา|อาจารย์|อาจาริย์
คนรัก,n,ดวงสมร|ดวงใจ|ที่รัก|สายสมร|แก้วตา
คนแก่,n,งอม|ชรา|ผู้สูงอายุ|หง่อม|เฒ่า
หญิงงาม,n,นงราม|นงเยาว์|นางงาม|ยุพิน|โฉมงาม
ฤษี,n,ดาบส|นักพรต|บรรพชิต|มุนี|โยคี
นักกวี,n,กวี|กวีเอก|ผู้ประพันธ์|ผู้แต่งกลอน
คนดี,n,กัลยาณมิตร|ปุถุชนดี|ผู้ทรงศีล|สัตบุรุษ|อารยชน
คนเดินทาง,n,คนพเนจร|นักเดินทาง|ผู้จาริก|โยธี
น้อง,n,กนิษฐา|กนิษฐ์|อนุชา
พี่,n,พี่ชาย|พี่สาว|เชษฐา|เชษฐี|เชษฐ์
เรา,n,ข้า|ข้าบาท|ข้าพเจ้า|ตัวเรา|ตู|พวกเรา|อนงค์ผู้ข้า|อัตตา
พระ,n,บรรพชิต|พระคุณเจ้า|พระภิกษุสงฆ์|ภิกษุ|มุนี|ฤๅษี|สงฆ์|สมณพราหมณ์|สมณะ|สาวก
พระอาทิตย์,n,ตะวัน|ทินกร|ทิวากร|ประภากร|รวี|สุริยน|สุริยา
พระจันทร์,n,ตารเกศ|นิศากร|บุหลัน|รัชนีกร|ศศิธร|แข
ดิน,n,ธรณี|ธรา|ปฐวี|พสุธา|พิภพ|ภูมี|หล้า|โลก
แสง,n,รัศมี|แสงส่อง
ดาว,n,ดารา|นกษัตร
ทะเล,n,ชลธี|ชโลทร|มหาสมุทร|รัตนากร|สมุทร|สาคร|อรรณพ
แสงแดด,n,ประภา|ภา|รังสี|รัศมี|แสงสว่าง|แสงอาทิตย์|โอภาส
แสงจันทร์,n,จันทรรัศมี|นิศารัศมี|สีตลรัศมี|แสงนวล|แสงเดือน
รุ่งอรุณ,n,ยามเช้า|ราตรีสว่าง|อรุณ|อรุณรุ่ง|อรุโณทัย|อุษา
สนธยา,n,ยามเย็น|ราตรีย์|สายัณห์|อัสดง|เวลาเย็น
ลมพัด,n,พระพาย|ลมรำเพย|ลมหอม|ลมเฉื่อย|ลมโชย|สายลม
ลำธาร,n,คลอง|ธารน้ำ|ธารา|สายธาร|ห้วย|แคว
ป่าไม้,n,ชัฏ|ดง|วนาราม|ศิขรินพนา|อรัญ|เถื่อน|ไพรระหง|ไพรสัณฑ์
น้ำค้าง,n,น้ำค้างยาม|หยาดน้ำค้าง|เมฆน้ำค้าง
หมอก,n,ควันหมอก|ม่านหมอก|หมอกควัน
รุ้ง,n,ธนูอินทร์|รุ้งกินน้ำ|รุ้งพระอินทร์
ท้องทุ่ง,n,ทุ่งกว้าง|ทุ่งนา|ทุ่งราบ|ทุ่งหญ้า|ไพร
หุบเขา,n,ดงดิบ|ผา|หน้าผา|หุบผา|หุบเหว|เหว
น้ำตก,n,ธารน้ำตก|น้ำผา|สายน้ำตก
ชายหาด,n,ชายฝั่ง|ฝั่งทะเล|ริมทะเล|หาดทราย
พระอาทิตย์ขึ้น,n,ยามอรุณ|สุริโยทัย|อุทัย|แสงอรุณ
ความมืด,n,ความมืดมน|ทมิฬ|มืดมน|มืดมิด|อันธการ
ความสว่าง,n,ประภัสสร|ประภา|รุ่งโรจน์|แสงสว่าง|โอภาส
ลำน้ำ,n,ชลธาร|ท้องน้ำ|นที|สาคร|สายน้ำ|ห้วงน้ำ
คลื่น,n,คลื่นทะเล|ระลอก|ระลอกคลื่น|ลูกคลื่น
ฟ้าร้อง,n,ครืนครั่น|นภาร้อง|พลาหกครวญ|ฟ้าลั่น|เหมันตเสียง
พายุ,n,พายุกระหน่ำ|พายุฝน|พายุหมุน|ลมพายุ
น้ำแข็ง,n,น้ำค้างแข็ง|ลูกเห็บ|หิมะ
ฤดูร้อน,n,คิมหันตฤดู|คิมหันต์|ฤดูแล้ง|หน้าร้อน
ฤดูใบไม้ผลิ,n,วสันตฤดู|วสันต์|หน้าใบไม้ผลิ
ต้นไทร,n,นิโครธ|ไทร|ไม้ไทร
ต้นโพธิ์,n,ต้นโพ|โพธิพฤกษ์|โพธิ์
ใบไม้,n,ปรณ|ปรรณ|พฤกษปรรณ|ใบพฤกษ์|ใบรุกข์|ใบไม้ร่วง
รากไม้,n,ชอนไชราก|มูลพฤกษ์|รากฝอย|รากแก้ว
กิ่งไม้,n,กิ่งก้าน|กิ่งก้านใบ|กิ่งแก้ว|ค่าคบ|พฤกษสาขา|สาขา
ดอกจันทน์,n,กลิ่นจันทน์|จันทนา|จันทน์
ผึ้ง,n,ภมร|ภุมรา|สัตตบท|แมลงภู่
ไก่,n,กุกกุฏ|จรณายุธ|นพจรไก่|พฤกษจักษุ|วิหคขัน|ไก่ป่า
เป็ด,n,กรัณฑะ|กาดำบง|หารทกะ|เป็ดน้ำ
หงส์,n,มยุรหงส์|ราชหงส์|หงสา|หงส์ทอง|เหมหงส์
นกกา,n,กา|กากะ|กาฬะ|ดัสกรวัน|พิฆาตศพ
นกเค้าแมว,n,กุมภกรรณนก|นกฮูก|นกเค้า|อุลุกะ|อุลูก
นกดุเหว่า,n,การเวก|ดุเหว่า|ปักษีเสียงหวาน|โกกิลา
แมลงวัน,n,ผึ้งตอม|มักขิกา|แมลงตอม
ยุง,n,มกสะ|ยุงป่า|แมลงเลือด
ปลวก,n,จอมปลวก|มดปลวก|อุปจิกา
มด,n,กิปิลลิกา|มดง่าม|มดดำ|มดแดง
ตะกวด,n,กิ้งก่าใหญ่|เหี้ย|แลน|โคธา
หอย,n,ศังข์|สังข์|หอยมุก|หอยแครง|หอยโข่ง
ปู,n,กรกฎ|กะปู|กิระกะ|ปูกะตอย
กุ้ง,n,กุ้งก้ามกราม|กุ้งดีดขัน|กุ้งฝอย|กุ้งแม่น้ำ
หนู,n,มุสิก|มุสิกะ|หนูพุก|หนูหริ่ง
กระต่าย,n,กระต่ายป่า|นักชมจันทร์|ศศะ|ศศิ
กวาง,n,พานรินทร์กวาง|มฤค|มฤคี|ละมั่ง|ละมั่งป่า|อีเก้ง
แพะ,n,อัชฌา|เมถะ|แพะป่า|แพะภูเขา
แกะ,n,ขนแกะ|เมณฑกะ|แกะป่า
หมี,n,ริกฉะ|หมีควาย|หมีหมา|อัจฉะ
ค้างคาว,n,ชวาลานก|นกมีหู|วาตุล|หนูมีปีก
จิ้งจอก,n,พยาคฆ์จิ้งจอก|สิงคาล|สุนัขจิ้งจอก|หมาป่า
ดอกบัว,n,จงกล|บุณฑริก|ปทุม|สัตตบงกช|อุบล|โกมล
เถาวัลย์,n,ย่านลิเภา|ลดาวัลย์|วัลลิ์|เครือ|เครือวัลย์|เครือเถา|เถา|เถาเลื้อย
ป่าไม้,n,ชัฏ|ดง|วนาราม|ศิขรินพนา|อรัญ|เถื่อน|ไพรระหง|ไพรสัณฑ์
ต้นไม้เพิ่ม,n,คัจฉะ|ตุมพะ|ทุมพร|พฤกษชาติ|รุกขชาติ|ไม้พรรณ
ดอกไม้เพิ่ม,n,กุสุมา|บุษบัน|ผกาพรรณ|ผกามาศ|มาลาการ|มาลี|สุมาลี|โกสุม
ดอกบัวเพิ่ม,n,กมล|กุมุท|จงกลนี|นลิน|วาริช|สัตตบุษย์|สาโรช|อัมพุช|ไทกะ
ป่าลึก,n,ดงดิบ|พนาเวศ|อรัญวา|ไพรกว้าง|ไพรสณฑ์
สวนดอกไม้,n,มาลีรมย์|รโหฐาน|วนอุทยาน|สวนขวัญ|อุทยาน
ข้าว,n,ข้าวกล้า|ธัญญา|ธัญพืช|บุพพัณชาติ|ศาลิน
ป่าไผ่,n,กอไผ่|ซุ้มไผ่|พงไผ่|เวฬุวัน
กลิ่นหอมดอกไม้,n,กลิ่นดอกไม้|กลิ่นบุปผา|กลิ่นมาลี|กลิ่นสุคนธ์|กลิ่นหอม|คันธา|สุคนธรส|สุคนธ์|หอมรวยริน
ป่ารก,n,ชัฏพนา|ป่าดงพงพี|ป่าละเมาะ|พงชัฏ|พงรก|รกชัฏ|ไพรระหง
ใบไม้,n,ปรณ|ปรรณ|พฤกษปรรณ|ใบพฤกษ์|ใบรุกข์|ใบไม้ร่วง
กิ่งไม้,n,กิ่งก้าน|กิ่งก้านใบ|กิ่งแก้ว|ค่าคบ|พฤกษสาขา|สาขา
รากไม้,n,ชอนไชราก|มูลพฤกษ์|รากฝอย|รากแก้ว
เกสร,n,ภัสม์|ละอองดอกไม้|สุคันธเรณู|เกสรมาลี|เรณู
ดอกไม้ป่า,n,ดอกไม้ดง|บุปผชาติ|ผกาป่า|มาลีป่า|รุกขบุษบ์
ผลไม้,n,ผลพฤกษ์|ผลานุผล|ผลารส|ลดาผล|ลูกไม้
พืชล้มลุก,n,ผักหญ้า|พันธุ์ผัก|พืชพันธุ์|ลดาชาติ|วัลลีพืช
กล้วยไม้,n,กล้วยไม้ป่า|เอื้อง|เอื้องผึ้ง|เอื้องหลวง|เอื้องเหนือ
สาหร่าย,n,จอกแหน|ผักตบ|ผักบุ้งน้ำ|พืชน้ำ|สาหร่ายน้ำ|เทาน้ำ
ต้นมะพร้าว,n,ตาลโตนด|ต้นตาล|ทิพยจักษุ|นาฬิเกร์|มะพร้าว
ต้นกล้วย,n,กทลี|ตานี|ต้นกล้วยป่า|ใบตอง
ส้ม,n,นารังคะ|ส้มตรู|ส้มลิ้ม|ส้มโอ
อ้อย,n,รสอ้อย|ลำอ้อย|อิกฉุ|อ้อยป่า
สมุนไพร,n,รากยา|ว่านยา|สมุนไพรป่า|สรรพยา|โอสถพฤกษ์
พุ่มไม้,n,กอพุ่ม|กอไม้|ซุ้มพฤกษา|ซุ้มไม้|พุ่มพฤกษ์
ยางไม้,n,ชัน|ชันสน|น้ำยาง|ยางพฤกษ์
เปลือกไม้,n,ตัจนสาร|ปลอกไม้|เปลือกรุกข์
ดอกจำปา,n,กลิ่นจำปา|จำปา|จำปาทอง|ชำปา
ดอกจำปี,n,กลิ่นจำปี|จำปี|ดอกแก้วจำปี
ดอกมะลิ,n,มะลิฉัตร|มะลิซ้อน|มะลิลา|มัลลิกา|วสิกา
ดอกกุหลาบ,n,กุพชกะ|กุหลาบ|กุหลาบป่า|กุหลาบแดง
ดอกพิกุล,n,ดอกแก้ว|พิกุล|พิกุลทอง|แก้วพิกุล
ดอกสารภี,n,กลิ่นสารภี|ทรฟี|สารภี
ดอกบุนนาค,n,นาคบุตร|นาคปุษป์|บุนนาค
ดอกกาหลง,n,กรรณิการ์|กาหลง|ชงโค|โยทะกา
ไม้ดัด,n,บอนไซไทย|เขามอพฤกษ์|ไม้กระถาง|ไม้ดัดไทย
สอน,n,กอบเกื้อสอน|ชี้ทาง|ชี้แนะ|ตักเตือน|พร่ำชี้|พร่ำบ่น|พร่ำสอน|พร่ำเตือน|สอนสั่ง|สั่งขาน|สั่งความ|สั่งสอน|อบรม|แนะบรรยาย|แนะแนว|โอวาท
กำหนด,n,ตรา|ระบุ|หมาย
ลด,n,น้อยลง|บรรเทา|ผ่อน
มา,n,ก้าวสู่|ปรากฏ|มาถึง|มาเยือน|ย่าง|ย่างก้าว|สู่|เข้าสู่|เยือน
ฟัง,n,ดนตรีฟัง|ฟังความ|ฟังสาร|ยิน|สดับ|โสต
ร้องไห้,n,กันแสง|คร่ำครวญ|นองชลนา|พิลาป|รำพัน|ร่ำว่า|ร่ำไห้|สะอื้น|โศกา|โศกี
นั่ง,n,นั่งแท่น|ประทับ|สถิต|เสงี่ยมรับ
หัวเราะ,n,สรวล|สรวลสันต์|สรวลเส|หัวร่อ|แย้มสรวล
ยิ้ม,n,พิมพ์ยิ้ม|ละไม|แย้ม|แย้มพราย|โปรยยิ้ม
ตี,n,กระทืบ|ตบ|ทุบ|ทุบถอง|ประหาร|ฟาด|โบย
รบ,n,ชิงชัย|ณรงค์|ต่อตี|ประจัญ|ประจัญบาน|ราวี|สู้รบ|หักหาญ
บิน,n,ทะยาน|ผาดโผน|ระเห็จเหิน|ลอยฟ้า|เหาะ|เหิน|โผ
ให้,n,ประทาน|ปัน|มอบ|สละ|อุทิศ|เจือจาน|เอื้อเฟื้อ|แจกจ่าย
ขอ,n,ทูลขอ|บิณฑบาต|ปรารถนา|วิงวอน|อัญเชิญ|อ้อนวอน|เรียกร้อง
เล่น,n,กรีดกราย|กรีดนิ้ว|รื่นเริง|สนุก|เล่นชู้
อาบน้ำ,n,ชำระกาย|สรง|สรงสนาน|อาบวารี
แต่งตัว,n,ทรงเครื่อง|ประทินผิว|ผัดหน้า|ละเลงแป้ง|แต่งกาย
ถึง,n,จรด|ถึงคราว|บรรลุถึง|มาธง|มาสู่|ย่างกราย|ล่วงถึง|เข้าหา
กลั่น,n,กรอง|กลั่นกรอง|คัดสรร|สกัด|สกัดพรต|เคี่ยว
ผูก,n,กระหวัด|ตรึง|ผูกมัด|พัน|พันธนา|มัด|รัด|รั้ง|ร้อย
ไว้,n,คงไว้|งดเว้น|ตั้งไว้|ประดิษฐาน|รักษา|ละไว้|เก็บ
บวช,n,การถือบวช|ถือพาล|ถือศีล|ทรงศีล|บรรพชา|พ้นกิเลส|อุปสมบท
ทำบุญ,n,ตักบาตร|ทอดผ้าป่า|ทำทาน|บำเพ็ญทาน|สร้างกุศล|สร้างบารมี|ให้ทาน
กรวดน้ำ,n,ทักษิโณทก|หยาดน้ำ|หลั่งทักษิโณทก|อุทิศส่วนกุศล|แผ่เมตตา
ขอ,n,ทูลขอ|บิณฑบาต|ปรารถนา|วิงวอน|อัญเชิญ|อ้อนวอน|เรียกร้อง
พา,n,จูง|ชักนำ|นำ|นำทาง|ประคอง|พัดพา|โอบอุ้ม
เมิน,n,ละเลย|หันหลังให้|เชิดใส่|เพิกเฉย|เมินหมาง|เมินเฉย|ไม่แยแส
มี,n,คงอยู่|ดำรง|บริบูรณ์|ประกอบด้วย|ปรากฏ|พรั่งพร้อม|สถิต
เป็น,n,กลายร่าง|กำเนิด|ก่อเกิด|คือ|ดำรงเป็น|อุบัติ
ให้,n,ประทาน|ปัน|มอบ|สละ|อุทิศ|เจือจาน|เอื้อเฟื้อ|แจกจ่าย
สำเร็จ,n,บรรลุผล|มโนรถ|ลุล่วง|สมประสงค์|สมหวัง|สัมฤทธิผล|สิทธิ|สิทธิชัย
หมาย,n,ตั้งจิต|ตั้งเป้า|ปรารถนา|มาตรหมาย|มุ่งหมาย|หมายใจ|เจตนา
รอด,n,นิรภัย|นิรันตราย|บรรเทา|ปลอดภัย|พ้นภัย|รอดพ้น|สวัสดิภาพ|เหลือรอด
สอน,n,กอบเกื้อสอน|ชี้ทาง|ชี้แนะ|ตักเตือน|พร่ำชี้|พร่ำบ่น|พร่ำสอน|พร่ำเตือน|สอนสั่ง|สั่งขาน|สั่งความ|สั่งสอน|อบรม|แนะบรรยาย|แนะแนว|โอวาท
ว่า,n,กล่าวว่า|ชี้แจงว่า|บอกว่า|พาทีว่า|เปรยว่า|เล่าว่า|เอ่ยว่า|แจ้งว่า|แถลงว่า|ไขความว่า
อย่า,n,จงอย่า|บ่มิควร|ปัดป้อง|มิบังควร|มิพึง|ละสิ้น|ละเว้น|ห้าม|ห้ามขาด|ห้ามปราม|อย่าหมาย|อย่าได้|เว้นวรรค
ไว้ใจ,n,คล้อยตามจิต|นับถือจิต|ปลงใจ|ภักดีมั่น|มอบใจ|วางจิต|วางใจ|ศรัทธาจิต|สนิทใจ|สนิทใจเชื่อ|หลงเชื่อ|เชื่อถือ|เชื่อแท้|เชื่อใจ|เอนเอียงเชื่อ
แกล้ง,n,มารยา|ลวง|เสแสร้ง|แกล้งทำ|แสร้ง
คิดถึง,n,ครวญหา|คำนึง|รำลึก|อาลัยอาวรณ์|อาวรณ์|โหยหา
ดีใจ,n,ชื่นบาน|ปลื้มใจ|ยินดี|สุขใจ|หรรษา
รัก,n,ชอบพอ|พิสมัย|รักใคร่|สิเนหา|หลงรัก|อาลัย|เสน่หา
ความรัก,n,กรุณา|ความปรารถนาดี|ความเมตตา|เมตตา|ไมตรี
เกลียด,n,ชัง|ชิงชัง|รังเกียจ|เกลียดชัง|เคียดแค้น
กลัว,n,ครั่นคร้าม|สะทกสะท้าน|สั่นขวัญ|หวาดกลัว|หวาดหวั่น
สุข,n,ชื่นชม|ปราโมทย์|ปีติ|สุขใจ|อิ่มอกอิ่มใจ|แช่มชื่น
ทุกข์,n,ความทุกข์|ความเจ็บปวด|ความโศก|ทุกข์ระทม|ระทมทุกข์
หวัง,n,ตั้งความหวัง|ปรารถนา|มุ่งมาดปรารถนา|มุ่งหวัง|หวังใจ
สิ้นหวัง,n,ท้อถอย|ท้อแท้|หดหู่|หมดกำลังใจ|หมดหวัง
ภูมิใจ,n,ชื่นใจ|ปลาบปลื้ม|ฟูใจ|หรรษา|อิ่มใจ
อาย,n,ขายหน้า|ละอาย|อับอาย|อัปยศ|อายขนาบ
เหงา,n,ว้าเหว่|สันโดษ|อ้างว้าง|เปล่าเปลี่ยว|โดดเดี่ยว
ตื่นเต้น,n,ผวา|ระทึกใจ|ใจระทึก|ใจสั่น|ใจหวิว
สงสาร,n,ปรานี|สงเคราะห์|อนุเคราะห์|เวทนา|เอ็นดู
อิจฉา,n,ตาร้อน|ปวดใจ|ริษยา|อิจฉาริษยา|เจ็บใจ
ผิดหวัง,n,ขมขื่น|หดหู่ใจ|เศร้าใจ|เสียดาย|เสียใจ
ใจหาย,n,งงงัน|ตกใจ|ตะลึง|ประหลาดใจ|พิศวง|แปลกใจ
สับสน,n,งุนงง|ฉงน|ฉงนสนเท่ห์|มึนงง|เคลิ้ม
ซาบซึ้ง,n,จับใจ|ตราตรึง|ประทับ|ประทับใจ|ฝังใจ
กังวล,n,กลุ้มใจ|ร้อนใจ|หนักใจ|ห่วงใย|เป็นห่วง
เบื่อ,n,อิดหนาระอาใจ|เซ็ง|เบื่อหน่าย|เอือม|เอือมระอา
ร่าเริง,n,รื่นรมย์|รื่นเริง|สนุกสนาน|เบิกบาน|เบิกบานใจ
อบอุ่น,n,คลายหนาว|ชื่นฉ่ำใจ|ร้อนรุ่มคลาย|อบอวล|อบอุ่นใจ|อุ่นอก|อุ่นเนื้อ|อุ่นใจ
โอ้,n,อนิจจัง|อนิจจา|อนิจจาเอ๋ย|เวทนา|โถ|โศกา|โอ้ว่า|โอ้โฮ
น้ำใจ,n,กมลจิต|กระแสจิต|กระแสใจ|ความนึกคิด|จริตใจ|ดวงจิตใจ|น้ำจิต|มโนธรรมใจ|สันดานจิต|ส่วนลึกใจ|หฤทัยมนุษย์|อัธยาศัย|เบื้องลึกจิต|ใจคน|ใจคอ|ใจมนุษย์
ลึก,n,บาดาล|ล้ำลึก|หยั่งถึง
เลี้ยว,n,คด|งอ|วก|ไม่ตรง
เร็ว,n,ฉับพลัน|ด่วน|รวดเร็ว|ไว
ช้า,n,ชักช้า|เนิบ
สูง,n,ชะลูด|ตระหง่าน|ระหง|สิงขรสูง|สูงลิ่ว|อุโฆษ
ต่ำ,n,ต่ำต้อย|นอบต่ำ|ราบ|ลุ่ม|เตี้ย
เล็ก,n,กระจ้อยร่อย|จุล|จ้อย|นิด|น้อย|ย่อม|ละเอียด|อนุ
กว้าง,n,กว้างขวาง|กว้างไกล|วิบุล|สุดสายตา|อนันต์|ไพศาล
แคบ,n,คับแคบ|ซอกแคบ|ตัน|ตีบ
เขียว,n,ชุ่มชื่น|นิลบลเขียว|มรกต|เขียวขจี|ไพทูรย์เขียว
กลม,n,กลมกล่อม|จักร|มณฑล|มน|วัฏ
ตรง,n,ซื่อ|ดิ่ง|ตรงเป้า|สุจริตตรง|แน่วแน่
หอม,n,คันธ|จรุง|ประทิน|รวยริน|สุคนธ์|หอมฟุ้ง|หอมหวน|อบอวล
เหม็น,n,คาว|บูด|ปูติ|เน่า|เหม็นคละคลุ้ง|เหม็นสาบ
สะอาด,n,บริสุทธิ์|ปราศจากมลทิน|ผุดผ่อง|วิมล|สะอาดตา|สุทธิ
สกปรก,n,คละคลุ้งสกปรก|มลทิน|หมองมัว|เปรอะเปื้อน|โสโครก
ร้อน,n,รุ่มร้อน|ร้อนรุ่ม|อัคนีร้อน|อุบลร้อน|เดือด|แผดเผา
หนาว,n,ฉ่ำเย็น|ศีต|หนาวทรวง|หนาวสั่น|เยือกเย็น|เย็น
แข็ง,n,กระด้าง|ทรหด|ศิลาแข็ง|แกร่ง|แข็งทื่อ
อ่อน,n,นิ่ม|นุ่ม|ละมุน|ละไมผิว|อ่อนละไม|อ่อนโยน
หนัก,n,ครุ|ถมทับ|หนักหน่วง|หนักอึ้ง
เบา,n,ปุยเบา|ลหุ|ลอย|เบาหวิว|แผ่วเบา
ดัง,n,กัมปนาท|กึกก้อง|ก้อง|สนั่น|อื้ออึง|แผดเสียง
เบาเสียง,n,กระซิบ|วังเวง|สงัด|เงียบกริบ|แผ่ว
สว่าง,n,ประภาส|พราว|ระยับ|รุ่งโรจน์|อร่าม|เรืองรอง|โชติช่วง
มืด,n,คล้ำ|มืดมน|มืดมิด|อนธการ|อับแสง
โขมง,n,คลุ้ง|ตลบ|ตลบอบอวล|พลุ่ง|ฟุ้ง|ฟุ้งกระจาย
ปลาย,n,กุสุมาลย์|ท้าย|ปลายแถว|มงกุฎ|ยอด|ศิระ|สุดสาย|อัคระ
เจีย,n,งาม|จำเริญ|ดี|บริสุทธิ์|ผ่องใส|เจริญ
หนึ่ง,n,นับหนึ่ง|ปฐม|หนึ่งเดียว|เดี่ยว|เอก|โดด
น่าอาย,n,ขายหน้า|ขายหน้าขายตา|น่าอดสู|ละอาย|อับอาย|อับอายขายหน้า|อัปยศ
ใกล้,n,จวนเจียน|ชิด|ประชิด|อาสันนะ|เกือบ|แนบ|ใกล้ชิด
กราย,n,กรายกล้ำ|ผ่านพ้น|ย่างกราย|ย่างก้าว|เฉียด|แวะเวียน
เกินไป,n,ยิ่งนัก|ล้นพ้น|ล้นเหลือ|เกินพอดี|เกินพิกัด|เหลือเกิน|เหลือแหล่|ไพศาล
แสน,n,พ้นพรรณนาลักษณะ|ยิ่งนักลักษณะ|ยิ่งยอด|ยิ่งล้น|ล้นพ้นขอบขีด|ล้นพ้นขีด|สุด|สุดขีด|สุดประมาณ|อนันตลักษณะ|เหลือกำลัง|เหลือกำหนด|เหลือหลาย|แสนทวี|แสนสุด
ลึกล้ำ,n,ซ่อนเร้นลึก|บาดาลลึก|มืดมิดลึก|ยากหยั่ง|ลึกซึ้ง|ลึกสุดใจ|ลึกหยั่งก้น|ล้ำลึก|สุดลึก|หยั่งยาก|หยั่งยากจิต|หยั่งไม่ถึง|เร้นลับลึก
เลี้ยวลด,n,คดซ้อนคด|คดเคี้ยว|คดแนว|บิดเบี้ยวเลี้ยว|ลดเลี้ยว|ลดเลี้ยวแนว|วกวนลักษณะ|เฉไฉเลี้ยว|เลี้ยวลดคด|เลี้ยวลาด|เลี้ยวแนว|เวียนวน|โค้งเคี้ยว
เกิน,n,ล่วง|ล้น|ล้ำ|เกินขีด|เกินเลย|เหลือกำหนด|เหลือคณา
มาก,n,ยิ่ง|ล้นเหลือ
น้อย,n,กระจ้อย|เล็กน้อย
มากมาย,n,คณนา|ถมเถ|ถมไป|พรั่งพรู|พะเรอ|ล้นหลาม|อนันต์|เนืองนันต์|เหลือล้น
หมดสิ้น,n,วายวอด|สิ้นสูญ|สิ้นเชิง|หมดจด|หมดเกลี้ยง|อันตรธานสิ้น|เกลี้ยงเกลา
ครึ่งหนึ่ง,n,กึ่ง|กึ่งกลาง|กึ่งภพ|กึ่งหนึ่ง|ภาคครึ่ง
เต็ม,n,ทะลัก|ปรี่|พูน|อัด|เต็มประดา|เปี่ยม|เพียบ|แน่น
ว่างเปล่า,n,ร้าง|ว่าง|สูญ|สูญเปล่า|เปล่าประโยชน์|โมฆะ
บ่อยครั้ง,n,ถี่|นิตย|บ่อย|บ่อยหน|ร่ำไป|อนันตชัย|เนืองๆ
บางครั้ง,n,คราคราว|นานๆ ครั้ง|บางคราว|บางที|ลางที
เสมอ,n,กาลปาวสาน|ตลอดกาล|ทุกเมื่อ|นิรันดร์|สม่ำเสมอ|เนืองนิตย์|เป็นนิจ
เท่ากัน,n,กึ่งเท่า|ดุจกัน|ทัดเทียม|เฉกกัน|เสมอกัน|เสมือน
ขาดแคลน,n,กะปริบกะปรอย|ขัดสน|ขาดห้วง|บกพร่อง|ฝืดเคือง|อัตคัด
กระจิดริด,n,จิ๋ว|นิดเดียว|น้อยนิด|ผงธุลี|ละออง|อณู
เหลือเกิน,n,พ้นพรรณนา|ล้นพ้น|สุดขีด|สุดซึ้ง|เกินแกง|เกินไป
พร้อมพรั่ง,n,ครบครัน|ครบถ้วน|ถ้วนหน้า|บริบูรณ์|พร้อมหน้า|สมบูรณ์
ก็,n,จึง|จึ่ง|อันว่า|เล่า|ไซร้
เหมือน,n,กล|คล้าย|ดั่ง|ดุจ|ประหนึ่ง|พ่าง|ราวกับ|อุปมา|เฉก|เปรียบ|เสมือน
ประมาณ,n,กะ|คณา|คาดคะเน|คำนวณ|นับ|ประมาณการ|ประเมิน
โพธิญาณ,n,ญาณบรรลุ|ธรรมอันสูงสุด|ปัญญาญาณอันประเสริฐ|พระตรัสรู้
ปราสาท,n,ตำหนัก|มนทิร|มนเทียร|ราชวัง|วัง|เวียง|ไพชยนต์
แคว้น,n,ขอบขัณฑสีมา|ด้าว|ประเทศ|ปัถพีเมือง|มณฑลเมือง|รัฐ|อาณาจักร|เขตขัณฑ์
บ้านเมือง,n,กรุงเขต|ธานินทร์|นครราช|นิเวศน์เมือง|บุรีรมย์|ปุระ|เรืองนคร
พระราชวัง,n,นิเวศน์ราช|บรมมหาราชวัง|ปุรำ|พระราชนิเวศน์|วรราชวัง
ห้องนอนวัง,n,ที่บรรทม|สิริห้อง|ห้องบรรทม|ห้องรโหฐาน|แท่นบรรทม|ไสยาสน์ห้อง
ท้องพระโรง,n,ท้องพระโรงหลวง|มหาเสนาสน์|มุกดาหารท้อง|ราชสภา|ศาลาโถง
กำแพงเมือง,n,ขอบนคร|คูเมือง|ค่ายคู|ปราการ|ป้อม|หอรบ|เชิงเทิน
ประตูเมือง,n,ซุ้มประตู|ทวาร|ประตูวัง|ราชทวาร|โขลนทวาร
พลับพลา,n,ปะรำ|พลับพลาไชย|ศาลา|ศาลาราย|เกยชัย|โรงพิธี
หอคอย,n,หอกลาง|หอคอยวัง|หอระฆังหลวง|หอสังเกต|หอส่อง
ตลาดเมือง,n,ตลาดกาด|ถนนวัง|ปสาน|ย่าน|ย่านค้า|ร้านรวง
เจดีย์,n,จุมภฏ|ธาตุเจดีย์|พระธาตุ|พุทธเจดีย์|สถูป
โบสถ์,n,พระอุโบสถ|วิหาร|ศาลาการเปรียญ|อุโบสถ|โรงธรรม
ค่ายทหาร,n,กองทัพเมือง|ค่ายหลวง|ทัพหลวง|ป้อมรบ|พลับพลารบ
สวนหลวง,n,พระราชอุทยาน|สวนขวัญนคร|อุทยานราช|อุทยานหลวง
สระน้ำวัง,n,สระชลหลวง|สระสวนขวัญ|สระอโนดาตวัง|โบกขรณี
บัลลังก์,n,พระแท่น|รัตนบัลลังก์|ราชบัลลังก์|สิงหาสน์|แท่นทอง
ฉัตร,n,คันฉัตร|ฉัตรทอง|ฉัตรเก้าชั้น|ร่มหลวง|เศวตฉัตร
หลังคาวัง,n,ช่อฟ้า|มณฑป|หลังคาทอง|หางหงส์|ใบระกา
อาวุธ,n,ยุทธวิธี|ศัสตรา|ศัสตราวุธ|สรรพาวุธ|แกล้วกล้า
ดาบ,n,ขรรค์|พระขรรค์|พระแสง|ศัสตร
ธนู,n,รัตนศร|ศร|ศิลป์|สายศร|หน้าไม้
หอก,n,ตรีศูล|ทวน|พุ่งหอก|ศูล|หอกซัด|หอกทอง|โตมร
กริช,n,พกน้อย|พระแสงกริช|มีดบิน|มีดพก|มีดหมอ
กระบอง,n,กระบองเหล็ก|คทา|พลอง|เพชรตะบอง|ไม้พลอง
ขวาน,n,ขวานทอง|ขวานราม|ขวานโยน|ปรศุ|ผลาญขวาน
โล่,n,ดั้ง|ดั้งบัง|เกราะบัง|เขน|เครื่องบัง|โล่เขน
ชุดเกราะ,n,เกราะ|เกราะทอง|เกราะเหล็ก|เสื้อยันต์|เสื้อลวด|เสื้อเกราะ
ปืน,n,ปืนคาบศิลา|ปืนนกสับ|ปืนมหาคาบ|ปืนไฟ|พระแสงปืน
ปืนใหญ่,n,ปืนจ๋า|ปืนบาซูก้าโบราณ|ปืนใหญ่หลวง|มหาปืน|อัคนีบาตปืน
ลูกกระสุน,n,กระสุน|ลูกดิน|ลูกตะกั่ว|ลูกศรปืน|ลูกเหล็ก
กองทัพ,n,กองพล|ทัพบก|ทัพเรือ|พยุหะ|พยุหเสนา|พลรบ|แสนยากร|โยธา
แม่ทัพ,n,กองหน้า|จอมทัพ|นายกอง|นายทัพ|ปุโรหิตทัพ|ผู้บัญชาการ
ทหารเสือ,n,กองโจร|ทหารหาญ|นักรบกล้า|พลตระเวน|พลม้า|พลราบ
ธงชัย,n,ทิวธง|ธงทิว|ธงปลิว|ธงรบ|ธงสามชาย|โบกธง
กลองรบ,n,กลองศึก|ฆ้องชัย|บัณเฑาะว์รบ|ประโคมศึก|แตรสังข์
ชัยชนะ,n,ชนะมาร|ชนะศึก|ชิงชัย|ปราบดา|พิชิต|มีชัย
ความพ่ายแพ้,n,ปราชัย|พ่ายพัง|ย่อยยับ|หนีตาย|แตกทัพ|แพ้พ่าย
บุกตะลุย,n,กระหน่ำ|จู่โจม|รุกราน|ล้อมเมือง|หักหาญ|โจมตี|โหมโรง
ล้อมจับ,n,กักขัง|จับกุม|จับเป็น|พันธนาการ|มัดกาย
บาดเจ็บ,n,ต้องอาวุธ|บาดเจ็บสาหัส|เลือดอาบ|แผลฉกรรจ์|โลหิตหลั่ง
เสียงต่อสู้,n,ฉาดฉาน|ตูมตาม|สนั่นภพ|เคร้งคร้าง|เสียงปืน|โครมครึก
เพชรพลอย,n,พชร|พัชร|มณี|มุกดา|รัตน|วิเชียร|ไพฑูรย์
เครื่องประดับ,n,กรอบพักตร์|กุณฑล|ถนิม|พัสตราภรณ์|พิมพา|อาภรณ์
ทองเนื้อเก้า,n,กาญจน|จัมบูนท|ทองทา|นพคุณ|สิงคีทอง|สุพรรณ|โกเมนทอง
พลอยทับทิม,n,ทับทิมแดง|ปัทมราช|พลอยแดง|รัตตะมณี|แดงปัทม์
พลอยสีฟ้า,n,นิลกาฬ|พลอยน้ำเงิน|ศิลานิล|อินทนิล|ไพลิน
พลอยสีเขียว,n,พาสน์เขียว|มรกต|มรกตแก้ว|เขียวมรกต
มุก,n,ชลามพุช|มุกดาหาร|ศศิรัตน์|หอยมุก|ไข่มุก
อัญมณีรวม,n,นพรัตน์|นพเก้า|รัตนาภรณ์|สรรพมณี|เนาวรัตน์
มงกุฎ,n,จุลมงกุฎ|ชฎา|พระมงกุฎ|มงกุฎทอง|เกี้ยว|เทริด
สร้อยคอ,n,กรองศอ|ทับทรวง|สร้อยทอง|สร้อยนวม|สังวาล|สุวรรณสร้อย
ต่างหู,n,กรรเจียก|กุณฑลแก้ว|จรหู|ตุ้มหู|ระย้าหู
กำไลข้อมือ,n,กรประดับ|กรอบศอ|กำไล|ทองกร|พาหุรัด|วลัย
กำไลข้อเท้า,n,กำไลเท้า|ทองบาท|บาทวลัย|สร้อยบาท
แหวน,n,กนกธำมรงค์|ธำมรงค์|วงแหวน|แหวนทอง|แหวนมณี
เข็มขัด,n,ปั้นเหน่ง|รัดองค์|สายรัดเอว|สุวรรณรัดเอว|เข็มขัดทอง
ปิ่นปักผม,n,จุฬามณีปิ่น|ปิ่นทอง|ปิ่นแก้ว|เกศปิ่น
น้ำพลายแสง,n,พราวแพรว|ระยิบระยับ|อร่ามตา|เลื่อมพราย|แวววาว|โอภาสรัตน์
สมบัติ,n,ขุมทรัพย์|ทรัพย์สมบัติ|ทรัพย์สิน|ธนสาร|โภคทรัพย์
ถนน,n,ตรอก|ทางเดิน|บาทวิถี|มรรคา|วิถี|สถลมารค
รถม้า,n,ยานมาศ|ยานยนต์|รถทรง|รัถยา|ราชรถ
เส้นทาง,n,ทางทุรกันดาร|ทางไกล|มาร์ค|วิถีทาง|แดนทาง|แนวทาง
สะพาน,n,ข้ามฟาก|ชลมารคสะพาน|ทางข้าม|สะพานทอง|สะพานไม้
ชลมารค,n,กระแสน้ำทาง|ชลาลัยทาง|ทางน้ำ|วิถีชล|สายน้ำเดินทาง
เรือรบ,n,เรือกรรเชียง|เรือกระแชง|เรือขนาน|เรือตอร์ปิโดโบราณ|เรือสำเภา|เรือใหญ่
เรือเล็ก,n,เรือน้อย|เรือบด|เรือพาย|เรือมาด|เรือเอี้ยมจุ๊น|เรือแจว
ใบเรือ,n,กงเรือ|พังงาเรือ|สายสมอ|หางเสือ|เพลาเรือ|เสากระโดง
ฝีพาย,n,คนแจว|ต้นหน|นายท้าย|นายเรือ|ฝีพายหลวง|ลูกเรือ
เกวียน,n,ตะบันเกวียน|ประทุนเกวียน|ยานเกวียน|ล้อเกวียน|เพลาเกวียน
เสลี่ยง,n,คานหาม|พระวอ|ราชยาน|วอ|เสลี่ยงคาน|เสลี่ยงทอง
ขี่ม้าศึก,n,ดุรงค์ยาน|พาชีพาหนะ|ม้าทรง|อัศวะ|อาชาเดินทาง
นั่งช้าง,n,กรินทร์ยาน|กุญชรขี่|คชาธาร|สารทรง|หัตถียาน
เหาะเหิน,n,ทางเวหา|ลอยฟ้า|วิมานยาน|เดินอากาศ|เวหาจร|เหาะไป
ธุดงค์,n,จาริก|ลัดเลาะป่า|เดินป่า|เดินเท้า|แรมทาง|ไพรจร
ล่องเรือ,n,กางใบ|พายเรือ|ลอยลำ|ล่องชล|แจวเรือ|แล่นเรือ
มุ่งหน้า,n,คลาเคลื่อน|คลาไคล|จรลี|บาทจร|ยกทัพเดินทาง|เต้าจร
พลัดหลง,n,ดั้นด้น|วนเวียนทาง|หลงทาง|หลงทิศ|หลงป่า
หยุดพัก,n,ค้างแรม|จอดเรือ|พักพล|ยั้งหยุด|หยุดพลับพลา|แรมคืน
อำลา,n,จากไป|ผันผ่อน|พรากทาง|ลาจร|สะบัดหน้าลา|ไกลตา
ฟ้าแลบ,n,ประกายฟ้า|ฟ้าสว่าง|วิชชุ|วิชชุดา|สายสุนีย์
ฟ้าร้อง,n,ครืนครั่น|นภาร้อง|พลาหกครวญ|ฟ้าลั่น|เหมันตเสียง
แผ่นดินไหว,n,ธรณีทรุด|ปฐพีสะเทือน|พสุธากัมปนาท|หล้าไหว
พายุโทนาโด,n,พายุใหญ่|ลมกรด|ลมงวงช้าง|ลมมหาวาต|วาตภัย|หมุนคว้าง
ลมพายุ,n,มหาวาต|ลมกรรโชก|ลมพัดแรง|วาตะ|วายุคลั่ง|วายุพัด
ฝนตกหนัก,n,ฝนชะล้าง|ฝนแสนห่า|พิรุณกระหน่ำ|วัสสะ|สาดซัด|ห่าฝน
ฟ้าน่ากลัว,n,นภาดำ|ฟ้ามืดครึ้ม|ฟ้าหม่น|อนธการฟ้า|เมฆครึ้ม|เมฆทะมึน
ฟ้าผ่า,n,ผ่าพัง|สายฟ้า|สายฟ้าฟาด|อัสนี|อัสนีครืน|อัสนีบาต
ลูกเห็บ,n,ก้อนน้ำแข็งฟ้า|น้ำค้างแข็ง|ลูกเห็บตก|หิมะตก|เกล็ดน้ำแข็ง
น้ำท่วม,n,กระแสน้ำคลั่ง|ชลธีทะลัก|ท่วมท้น|น้ำนอง|น้ำหลาก|อุทกภัย
คลื่นยักษ์,n,คลื่นคลั่ง|คลื่นม้วน|ชลธีป่วน|ทะเลบ้า|ระลอกยักษ์|สมุทรคลั่ง
ภัยแล้ง,n,ระแหง|ร้อนตับแลบ|แดดกล้า|แดดแผดเผา|แผ่นดินแตก|ไร้น้ำ
ไฟป่า,n,อัคคีภัย|เพลิงกัลป์|เพลิงผลาญ|ไฟบรรลัยกัลป์|ไฟลามป่า
หมอกหนา,n,ควันคลุม|ม่านหมอก|ละอองหมอก|หมอกบังตา|หมอกมืด
สุริยุปราคา,n,จันทรคราส|ราหูอมจันทร์|ศศิธรมืด|สุริยคราส|อาทิตย์ดับ
โลกพินาศ,n,กัลปาวสาน|ดับสูญ|ภพพัง|ล่มสลาย|วินาศภัย|โลกแตก
ภูเขาไฟระเบิด,n,พสุธาเดือด|ลาวาไหล|สิงขรปะทุ|หินละลาย|ไฟภูเขา
เสียงปั่นป่วน,n,กัมปนาทโลก|กึกก้องสะเทือน|ครืนโครม|สะท้านดิน|อื้ออึงภพ
คนดี,n,กัลยาณมิตร|ปุถุชนดี|ผู้ทรงศีล|สัตบุรุษ|อารยชน
คนชั่ว,n,กักขฬะ|กาลกิณี|คนพาล|ทรชน|อนารยชน|โมหันต์
ความดี,n,กุศล|คุณธรรม|บารมี|บุญญา|สุจริต
ความชั่ว,n,กิเลส|ทุจริต|บาปกรรม|อกุศล|อาสวะ
ผู้ใจบุญ,n,นักบุญ|ผู้ประเสริฐ|สุมนธรรม|หน่อเนื้อบุญ|อริยบุคคล|โยคีดี
อธรรม,n,กักขฬะถ่อย|คนถ่อย|คนบาป|อันธพาล|เดียรถีย์|โมหะพาล|ใจบาป
กตัญญู,n,กตเวที|ความซื่อสัตย์|ภักดีดี|รู้คุณ|สนองคุณ|แทนคุณ
เนรคุณ,n,คิดคด|ทรยศ|ลืมคุณ|ล้างครู|หักหลัง|อกตัญญู|แปรพักตร์
ความเมตตา,n,กรุณา|ความปรานี|มุทิตา|อุเบกขา|เกื้อกูล|เผื่อแผ่|เอ็นดู
ความอิจฉา,n,จองเวร|ผูกใจเจ็บ|พยาบาท|ริษยา|ริษยาใจ|เคียดแค้น
ความโลภ,n,กระหายลาภ|ความอยาก|ตัณหา|มักมาก|อยากได้|โมหันต์โลภ
ความโกรธ,n,ขุ่นเคือง|ฉุนเฉียว|พิโรธใจ|เดือดดาล|โกธา|โทสะ
ความหลง,n,คลั่งไคล้หลง|มืดบอดใจ|หน้ามืด|หลงผิด|อวิชชา|โมหะ
ความสัตย์,n,คำสัตย์|ซื่อตรงคำ|รักษาสัตย์|วาจาจริง|วาจาสัตย์
คนโกหก,n,คนลวง|ตลบตะแลง|ปลิ้นปล้อน|มารยา|มุสา|สาไถย
ความละอาย,n,กลัวบาป|ละออยใจ|หิริ|เกรงกลัวกรรม|โอตตัปปะ
ความอดทน,n,ขันติ|ทนทานใจ|สงบเสงี่ยม|หักห้ามจิต|อดกลั้น
ศรัทธา,n,ความเชื่อมั่น|นอบน้อมภักดิ์|ประสาทะ|เลื่อมใส
ผลกรรม,n,กงเกวียนกำเกวียน|กรรมแต่ง|วิบาก|สนองกรรม|เวรกรรม
ความสันโดษ,n,พอดี|พอใจ|มักน้อย|สงบจิตจิต|สมถะ
ยกย่อง,n,ชมเชย|สดุดี|สรรเสริญ|อนุโมทนา|แซ่ซ้อง
นินทา,n,ติฉิน|นินทากาเล|ว่าร้าย|ส่อเสียด|เย้ยหยัน|ใส่ไคล้
บุญ,n,กุศล|กุศลกรรม|คุณงามความดี|บุญญานุภาพ|บุญบารมี|ปุญญ|พร|ศุภกรรม
โรงเหล้า,n,สถานต้มกลั่น|สถานเมรัยบาน|โรงกลั่นสุรา|โรงสุรา|โรงเมรัย
สุรา,n,กาดำเบรี|ดอง|ติสระ|น้ำจัณฑ์|น้ำเปลี่ยนนิสัย|น้ำเมา|น้ำโสม|ผลาผล|มัชชะ|วารุณี|สุราบาน|สุราลัย|เมรัย|เหล้า|โสม
เตา,n,อัคคีสถาน|เชิงกราน|เตากลั่น|เตาอัคนี|เตาเพลิง|เตาไฟ
ควัน,n,ธุม|ธูมา|ประพาสควัน|รัชนี|หมอกควัน|เขม่าควัน|ไอควัน
มัวเมา,n,จิตเสื่อม|พะวง|มนทา|มลึก|ลุ่มหลง|หมกมุ่น|หลงระเริง|หลงใหล|เพลิดเพลิน
บ้า,n,คลั่งไคล้|คุ้มดีคุ้มร้าย|จริตวิปลาส|บ้าบอ|มุทา|สติฟั่นเฟือน|สัญญาวิปลาส|อุมมัตโต|เสียสติ
บาปกรรม,n,กรรมชั่ว|กิเลส|ทุจริต|ปาป|ปาปมิตร|มลทิน|อกุศล|อธรรม|เวรกรรม
วอดวาย,n,ฉิบหาย|บรรลัย|พินาศ|มรณา|มลาย|ย่อยยับ|ล่มจม|สูญสิ้น|อันตรธาน|อัปปาง|เสื่อมสลาย
คันโพง,n,คันจาม|คันตักน้ำ|เครื่องวิดน้ำโบราณ|โพง|โพงตักน้ำ
เสา,n,คอลัมน์|บรรพต|ยุกต์|สถัมภ์|หลักชัย|เสาค้ำ|เสามนตรี|เสาหลัก
สาย,n,ปาสะ|รัชชู|สายรั้ง|สายเชือก|สายแนบ|สายใย|เส้น
โรง,n,นิวาส|ศาลา|สถาน|สำนัก|หอ|อาคาร|เรือน|โรงเรือน
คัน,n,กระจกฉาย|กระบวยตัก|กระสับกระส่าย|ความระคาย|คันจาม|คันฉัตร|คันฉาย|คันชั่ง|คันตักน้ำ|คันธนู|คันศร|คันโพง|ตักกระแส|ตักวารี|ทิพยยาน|บทจร|พระแสงศร|มหาธนู|ยานมาศ|รถทรง|ระคายจิต|ระคายผิว|รัถยา|ราชพาหนะ|ราชรถ|ร่มฉัตร|ศรชัย|ศรศิลป์|ศิลปศร|เกวียนทอง|เกาทัณฑ์|เครื่องวิดน้ำ|เพทา|เศวตฉัตร|แล่งศร|โก่งศร|โพงตักน้ำ
นรชน,n,คนหมู่มาก|ชาวโลก|นิกร|ประชากร|ประชาชาต|ประชาชี|ปวงชน|ปวงประชา|พสกนิกร|มวลชน|มหาชน
วนิตา,n,กัลยาณี|กานดา|จอมขวัญ|ดวงสมร|ทิพยอัปสร|นงเยาว์|ยุพเรศ|สตรีภาพ|อังคณา|อิตถี|แจ่มจันทร์
การดา,n,ชาตรี|ชายชาญ|ชายศิระ|ชายหนุ่ม|บุรุษ|บุรุษราช|พะทำมะรง|หนุ่มฉกรรจ์
โลจนะ,n,จักขุ|จักขุธาตุ|จักขุมา|จักษุ|จักษุมาน|นัยนา|นัยน์เนตร|สายตา|เนตรดวง|เนตรา
มาร,n,จิตรมาร|ทาสมาร|ผู้ขัดขวาง|พญามาร|มารร้าย|อสุรินทร์|อสูรเภท
เทพยดา,n,นิรชร|สุรบดี|สุรารักษ์|อมร|เทพบุตร|เทวญ|เทวราช|เทวัน|เทวา|แมน|ไท
ตารเกศ,n,จันทรพิมพ์|จันทรวงศ์|ศศิธร|ศศิมา|ส่องหล้า|เดือนเพ็ญ|แขไข|โสมกานต์
ทีฆัมพร,n,คคนานต์|ทิฆัมพร|นภดล|นภดลสวรรค์|วิหาส|หาว|อัมพรมณฑล|เวหาศร|เวหาส|แดนสวรรค์
ศิขรินทร์,n,พนมศิลา|พนมไพร|ภูผาใหญ่|ภูเขาหลวง|ยอดเขา|สิงขรคีรี|สิงขรราช
บาพก,n,ชวาลา|ประทีป|พาหิร|อัคคีภัย|อัคนีรจนา|เพลิงกัลป์|เพลิงพิโรธ|เพลิงเผา|แสงเพลิง|ไฟกัลป์
สลา,n,พาสาณ|ศิลากรวด|ศิลาแลง|หินผา|หินแกรนิต|แท่งศิลา|แผ่นศิลา
รัชตะ,n,กษาปณ์|ตราบูชา|ทรัพย์สิน|ปรารถ|ระชตะ|รัชต|ศิรัญ|เงินตรา|เหรียญเงิน
มิต,n,ชลจร|ปลาตะเพียน|ปลาทอง|ปลาว่ายน้ำ|มัจฉาชาติ|วาริชาติ|วารีชาติ|สัตว์น้ำ|อัมพุชา
อุรค,n,งูพิษ|งูเหลือม|งูเห่า|นาคราช|พญานาค|ภุชงคินทร์|ภุชงค์|อสรพิษ|อุรคินทร์|เงี้ยว
ไกรสีห์,n,นฤเคนทร์|บรรสิงห์|พญาราชสีห์|ราชสีห์บดี|สิงหม่าน|สิงหราช|สีhะ|ไกรสรราชสีห์
กะบี่,n,กบิล|กบี่ราช|กระลิง|พานร|พานเรศ|มักกะโท|ลิงค่าง|ลิงลม|วานรินทร์
กุพฺก,n,คาวี|พฤษภ|พหุสุภ|ลูกโค|แม่โค|โค|โคกระบือ
สุมลี,n,ดอกไม้ป่า|บุปผชาติ|บุษบัน|บุษบา|ผกา|ผกามาศ|มาลา|มาลี|สุคันธา|โกสุม
พฤกษา,n,ต้นไม้ใหญ่|ทรุม|ป่าไม้|พฤกษชาติ|พฤกษ์|รุกขชาติ|รุกขมูล|ลดา|วัลลี|เฌอ|แมกไม้
อัญ,n,ชัฏ|ดงลึก|พนัส|พนาลัย|พนาวัน|อรัญ|เถื่อน|ไพรลึก|ไพรวัน|ไพรสัณฑ์
บุพษาหญ้า,n,กอหญ้า|ติณชาติ|ทุ่งหญ้า|พงหญ้า|หญ้าคา|หญ้ารก|หญ้าเขียว|หญ้าแพรก
มรณา,n,ดับจิต|ดับสูญ|ถึงแก่กรรม|บรรลัย|มรณภาพ|ม้วยชีวา|วายชีพ|สวรรคต|สิ้นอายุขัย|สิ้นใจ|อสัญกรรม
หม่นหมอง,n,กำสรด|ตรอมใจ|ทุกข์ใจ|ระทมจิต|ระทมทุกข์|รันทด|หม่นใจ|เศร้าหมอง|โทมนัส|โศกศัลย์|โศกี
ไพไล,n,งดงามล้ำ|ประไพ|พริ้ง|รูจิเรข|ลออ|วิไล|อนงค์นาฏ|เสาวภาคย์|แฉล้ม|โสภา
ดั่ง,n,กล|คล้าย|ฉันใด|ดุจ|ประหนึ่ง|ปาน|ปูน|พิมพ์เดียวกัน|ราวกับ|ละม้าย|อุปมา|เฉก|เปรียบ|เพียง|เสมือน|เหมือน
นาน,n,กาลนาน|กาลรี|กาลล่วง|ชั่วกาลนาน|ช้านาน|ตราบนานเท่านาน|นานแสนนาน|ยาวนาน|ยาวไกล|เนิ่นนาน
นับ,n,คณนา|คาดคะเน|คำนวณ|ตรวจนับ|ตราหน้า|นับนิ้ว|นับประการ|ประมาณ|ประเมิน
กัป,n,กัปกัลป์|กัลป|กัลปาวสาน|กัลป์|ชั่วกัปชั่วกัลป์|ชั่วอายุขัยโลก|สิ้นกัป
ได้,n,ครอบครอง|ตกทอด|บรรลุ|ประสบ|พานพบ|รับ|สมประสงค์|สำเร็จ|หยิบยื่น|ได้มา
ฝัน,n,ความฝัน|จินตนาการ|นิมิต|ฝันใฝ่|ภาพฝัน|สุบิน|สุบินนิมิต|ห้วงนิมิต|เพ้อฝัน
ถึง,n,จรด|ถึงคราว|บรรลุถึง|มาธง|มาสู่|ย่างกราย|ล่วงถึง|เข้าหา
คืน,n,กัณหา|คืนค่ำ|ค่ำคืน|นภาราตรี|นิศา|รัชนี|ราตร|ราตรี|ราตรีกาล|วิภาวรี|ศิรินทร์
ซึ่ง,n,ของ|ข้อ|ข้อความ|ชิ้น|ดั่งซึ่ง|ที่|ประการ|ผู้|สิ่ง|อัน|อันซึ่ง|แห่ง
ซึ้ง,n,กินขั้วหัวใจ|กินใจ|จับใจ|ซาบซึ้ง|ซึ้งทรวง|ซึ้งใจ|ดื่มด่ำ|ตราตรึง|ตรึงใจ|ประทับใจ|ลึกซึ้งจิต
ละมุน,n,นุ่มนวล|นุ่มละม่อม|นุ่มลิ้น|ละมุนจิต|ละมุนละไม|ละไม|อ่อนละมุน|อ่อนโยน|เนียนนุ่ม|แผ่วเบา
อบอุ่น,n,คลายหนาว|ชื่นฉ่ำใจ|ร้อนรุ่มคลาย|อบอวล|อบอุ่นใจ|อุ่นอก|อุ่นเนื้อ|อุ่นใจ
ความสุข,n,บันเทิงจิต|รื่นรมย์|ศุภมงคล|สวัสดิ์|สำราญ|สุขารมณ์|สุขใจ|เกษมสุข|เปรมปรีดิ์|เป็นสุข
ผ่าน,n,ก้าวผ่าน|คลาดคลาย|จรลี|ผันผ่าน|ผ่านพ้น|พ้น|ล่วง|ล่วงพ้น|เลย
มา,n,ก้าวสู่|ปรากฏ|มาถึง|มาเยือน|ย่าง|ย่างก้าว|สู่|เข้าสู่|เยือน
แล้ว,n,จบสิ้น|ลุล่วง|สมบูรณ์|สำเร็จ|สิ้น|เรียบร้อย|เสร็จ|เสร็จสมบูรณ์|เสร็จสิ้น
เลือน,n,จาง|จางหาย|พร่าเลือน|ลบ|ลบเลือน|สลาย|สูญหาย|หาย|เลือนลาง|เลือนหาย
สัมผัส,n,กระทบ|ต้อง|ถูกต้อง|ประจักษ์|ลูบไล้|เน้นย้ำ|แตะ|แตะต้อง|แนบชิด|แนบเนื้อ
เตือนตา,n,ชวนมอง|ตรึงตา|ตรึงใจ|น่ามอง|สะกิดใจ|สะดุดตา|เด่นชัด|เตือนสติ|เตือนใจ
หลับ,n,นอนหลับ|นิทรา|นิทรารมณ์|มอดราบ|หลับสนิท|หลับใหล|เข้าภวังค์|เคลิ้มหลับ|ไสยา
กับ,n,ควบคู่|พร้อมกัน|พร้อมด้วย|รวมทั้ง|ร่วมกับ|อีกทั้ง|เคียงคู่|และ
ภวังค์,n,จิตสงบ|ภวังคจิต|ลืมตัว|สมาธิจิต|ห้วงความคิด|ห้วงคิด|ห้วงนิทรา|ใจลอย
นิรันดร์,n,ชั่วกัลปาวสาน|ชั่วกาลนาน|ชั่วนิรันดร์|ชั่วฟ้าดินสลาย|ตลอดกาล|สถิตสถาพร|อมตะ|ไม่มีวันตาย
ละ,n,ตัดช่องน้อย|ทอดทิ้ง|ปล่อย|ปล่อยวาง|ผละ|ละทิ้ง|ละเลิก|วาง|สละ
นิ,n,นิร|ปราศ|ปราศจาก|พ้นจาก|ว่างเปล่า|หมดสิ้น|ไม่มี
